2025-09-26 12:11:20 - Start
2025-09-26 12:11:20 - Input: 
2025-09-26 12:11:20 - Action: get_new_messages
2025-09-26 12:11:20 - Data: Array
(
    [last_id] => 10
)

2025-09-26 12:11:20 - New messages: 0
2025-09-26 12:11:20 - Response sent: {"success":true,"messages":[]}
2025-09-26 12:11:22 - Start
2025-09-26 12:11:22 - Input: 
2025-09-26 12:11:22 - Action: get_messages
2025-09-26 12:11:22 - Data: Array
(
)

2025-09-26 12:11:22 - Sent 10 messages
2025-09-26 12:11:22 - Response sent: {"success":true,"messages":[{"text":"\u0438\u0432\u0430\u0438\u0432\u0430\u0438\u0432\u0430\u0438","user_id":"guest_13lx378uh","user_name":"\u0413\u043e\u0441\u0442\u044c","user_role":"guest","id":1,"
2025-09-26 12:11:25 - Start
2025-09-26 12:11:25 - Input: 
2025-09-26 12:11:25 - Action: get_new_messages
2025-09-26 12:11:25 - Data: Array
(
    [last_id] => 10
)

2025-09-26 12:11:25 - New messages: 0
2025-09-26 12:11:25 - Response sent: {"success":true,"messages":[]}
2025-09-26 12:11:25 - Start
2025-09-26 12:11:25 - Input: 
2025-09-26 12:11:25 - Action: send_message
2025-09-26 12:11:25 - Data: Array
(
    [text] => fdbbfdbdf
    [user_id] => user_12345
    [user_name] => 12345
    [user_role] => user
)

2025-09-26 12:11:25 - Message saved: fdbbfdbdf
2025-09-26 12:11:25 - Response sent: {"success":true,"message":{"id":11,"text":"fdbbfdbdf","user_id":"user_12345","user_name":"12345","user_role":"user","time":"12:11","timestamp":1758888685}}
2025-09-26 12:11:27 - Start
2025-09-26 12:11:27 - Input: 
2025-09-26 12:11:27 - Action: send_message
2025-09-26 12:11:27 - Data: Array
(
    [text] => regergerg
    [user_id] => user_12345
    [user_name] => 12345
    [user_role] => user
)

2025-09-26 12:11:27 - Message saved: regergerg
2025-09-26 12:11:27 - Response sent: {"success":true,"message":{"id":12,"text":"regergerg","user_id":"user_12345","user_name":"12345","user_role":"user","time":"12:11","timestamp":1758888687}}
2025-09-26 12:11:28 - Start
2025-09-26 12:11:28 - Input: 
2025-09-26 12:11:28 - Action: get_new_messages
2025-09-26 12:11:28 - Data: Array
(
    [last_id] => 12
)

2025-09-26 12:11:28 - New messages: 0
2025-09-26 12:11:28 - Response sent: {"success":true,"messages":[]}
2025-09-26 12:11:31 - Start
2025-09-26 12:11:31 - Input: 
2025-09-26 12:11:31 - Action: get_new_messages
2025-09-26 12:11:31 - Data: Array
(
    [last_id] => 12
)

2025-09-26 12:11:31 - New messages: 0
2025-09-26 12:11:31 - Response sent: {"success":true,"messages":[]}
2025-09-26 12:11:34 - Start
2025-09-26 12:11:34 - Input: 
2025-09-26 12:11:34 - Action: get_new_messages
2025-09-26 12:11:34 - Data: Array
(
    [last_id] => 12
)

2025-09-26 12:11:34 - New messages: 0
2025-09-26 12:11:34 - Response sent: {"success":true,"messages":[]}
2025-09-26 12:11:37 - Start
2025-09-26 12:11:37 - Input: 
2025-09-26 12:11:37 - Action: get_new_messages
2025-09-26 12:11:37 - Data: Array
(
    [last_id] => 12
)

2025-09-26 12:11:37 - New messages: 0
2025-09-26 12:11:37 - Response sent: {"success":true,"messages":[]}
2025-09-26 12:11:40 - Start
2025-09-26 12:11:40 - Input: 
2025-09-26 12:11:40 - Action: get_new_messages
2025-09-26 12:11:40 - Data: Array
(
    [last_id] => 12
)

2025-09-26 12:11:40 - New messages: 0
2025-09-26 12:11:40 - Response sent: {"success":true,"messages":[]}
2025-09-26 12:11:43 - Start
2025-09-26 12:11:43 - Input: 
2025-09-26 12:11:43 - Action: get_new_messages
2025-09-26 12:11:43 - Data: Array
(
    [last_id] => 12
)

2025-09-26 12:11:43 - New messages: 0
2025-09-26 12:11:43 - Response sent: {"success":true,"messages":[]}
2025-09-26 12:11:46 - Start
2025-09-26 12:11:46 - Input: 
2025-09-26 12:11:46 - Action: get_new_messages
2025-09-26 12:11:46 - Data: Array
(
    [last_id] => 12
)

2025-09-26 12:11:46 - New messages: 0
2025-09-26 12:11:46 - Response sent: {"success":true,"messages":[]}
2025-09-26 12:11:49 - Start
2025-09-26 12:11:49 - Input: 
2025-09-26 12:11:49 - Action: get_new_messages
2025-09-26 12:11:49 - Data: Array
(
    [last_id] => 12
)

2025-09-26 12:11:49 - New messages: 0
2025-09-26 12:11:49 - Response sent: {"success":true,"messages":[]}
2025-09-26 12:11:52 - Start
2025-09-26 12:11:52 - Input: 
2025-09-26 12:11:52 - Action: get_new_messages
2025-09-26 12:11:52 - Data: Array
(
    [last_id] => 12
)

2025-09-26 12:11:52 - New messages: 0
2025-09-26 12:11:52 - Response sent: {"success":true,"messages":[]}
2025-09-26 12:11:55 - Start
2025-09-26 12:11:55 - Input: 
2025-09-26 12:11:55 - Action: get_new_messages
2025-09-26 12:11:55 - Data: Array
(
    [last_id] => 12
)

2025-09-26 12:11:55 - New messages: 0
2025-09-26 12:11:55 - Response sent: {"success":true,"messages":[]}
2025-09-26 12:11:58 - Start
2025-09-26 12:11:58 - Input: 
2025-09-26 12:11:58 - Action: get_new_messages
2025-09-26 12:11:58 - Data: Array
(
    [last_id] => 12
)

2025-09-26 12:11:58 - New messages: 0
2025-09-26 12:11:58 - Response sent: {"success":true,"messages":[]}
2025-09-26 12:12:01 - Start
2025-09-26 12:12:01 - Input: 
2025-09-26 12:12:01 - Action: get_new_messages
2025-09-26 12:12:01 - Data: Array
(
    [last_id] => 12
)

2025-09-26 12:12:01 - New messages: 0
2025-09-26 12:12:01 - Response sent: {"success":true,"messages":[]}
2025-09-26 12:12:04 - Start
2025-09-26 12:12:04 - Input: 
2025-09-26 12:12:04 - Action: get_new_messages
2025-09-26 12:12:04 - Data: Array
(
    [last_id] => 12
)

2025-09-26 12:12:04 - New messages: 0
2025-09-26 12:12:04 - Response sent: {"success":true,"messages":[]}
2025-09-26 12:12:07 - Start
2025-09-26 12:12:07 - Input: 
2025-09-26 12:12:07 - Action: get_new_messages
2025-09-26 12:12:07 - Data: Array
(
    [last_id] => 12
)

2025-09-26 12:12:07 - New messages: 0
2025-09-26 12:12:07 - Response sent: {"success":true,"messages":[]}
2025-09-26 12:12:10 - Start
2025-09-26 12:12:10 - Input: 
2025-09-26 12:12:10 - Action: get_new_messages
2025-09-26 12:12:10 - Data: Array
(
    [last_id] => 12
)

2025-09-26 12:12:10 - New messages: 0
2025-09-26 12:12:10 - Response sent: {"success":true,"messages":[]}
2025-09-26 12:12:13 - Start
2025-09-26 12:12:13 - Input: 
2025-09-26 12:12:13 - Action: get_new_messages
2025-09-26 12:12:13 - Data: Array
(
    [last_id] => 12
)

2025-09-26 12:12:13 - New messages: 0
2025-09-26 12:12:13 - Response sent: {"success":true,"messages":[]}
2025-09-26 12:12:14 - Start
2025-09-26 12:12:14 - Input: {"action":"get_new_messages","data":{"last_id":10}}
2025-09-26 12:12:14 - Action: get_new_messages
2025-09-26 12:12:14 - Data: Array
(
    [last_id] => 10
)

2025-09-26 12:12:14 - New messages: 2
2025-09-26 12:12:14 - Response sent: {"success":true,"messages":[{"id":11,"text":"fdbbfdbdf","user_id":"user_12345","user_name":"12345","user_role":"user","time":"12:11","timestamp":1758888685},{"id":12,"text":"regergerg","user_id":"user
2025-09-26 12:12:16 - Start
2025-09-26 12:12:16 - Input: 
2025-09-26 12:12:16 - Action: get_new_messages
2025-09-26 12:12:16 - Data: Array
(
    [last_id] => 12
)

2025-09-26 12:12:16 - New messages: 0
2025-09-26 12:12:16 - Response sent: {"success":true,"messages":[]}
2025-09-26 12:12:19 - Start
2025-09-26 12:12:19 - Input: 
2025-09-26 12:12:19 - Action: get_new_messages
2025-09-26 12:12:19 - Data: Array
(
    [last_id] => 12
)

2025-09-26 12:12:19 - New messages: 0
2025-09-26 12:12:19 - Response sent: {"success":true,"messages":[]}
2025-09-26 12:12:22 - Start
2025-09-26 12:12:22 - Input: 
2025-09-26 12:12:22 - Action: get_new_messages
2025-09-26 12:12:22 - Data: Array
(
    [last_id] => 12
)

2025-09-26 12:12:22 - New messages: 0
2025-09-26 12:12:22 - Response sent: {"success":true,"messages":[]}
2025-09-26 12:12:25 - Start
2025-09-26 12:12:25 - Input: 
2025-09-26 12:12:25 - Action: get_new_messages
2025-09-26 12:12:25 - Data: Array
(
    [last_id] => 12
)

2025-09-26 12:12:25 - New messages: 0
2025-09-26 12:12:25 - Response sent: {"success":true,"messages":[]}
2025-09-26 12:12:28 - Start
2025-09-26 12:12:28 - Input: 
2025-09-26 12:12:28 - Action: get_new_messages
2025-09-26 12:12:28 - Data: Array
(
    [last_id] => 12
)

2025-09-26 12:12:28 - New messages: 0
2025-09-26 12:12:28 - Response sent: {"success":true,"messages":[]}
2025-09-26 12:12:50 - Start
2025-09-26 12:12:50 - Input: {"action":"get_new_messages","data":{"last_id":12}}
2025-09-26 12:12:50 - Action: get_new_messages
2025-09-26 12:12:50 - Data: Array
(
    [last_id] => 12
)

2025-09-26 12:12:50 - New messages: 0
2025-09-26 12:12:50 - Response sent: {"success":true,"messages":[]}
2025-09-26 12:12:51 - Start
2025-09-26 12:12:51 - Input: {"action":"get_new_messages","data":{"last_id":12}}
2025-09-26 12:12:51 - Action: get_new_messages
2025-09-26 12:12:51 - Data: Array
(
    [last_id] => 12
)

2025-09-26 12:12:51 - New messages: 0
2025-09-26 12:12:51 - Response sent: {"success":true,"messages":[]}
2025-09-26 12:12:53 - Start
2025-09-26 12:12:53 - Input: {"action":"get_new_messages","data":{"last_id":12}}
2025-09-26 12:12:53 - Action: get_new_messages
2025-09-26 12:12:53 - Data: Array
(
    [last_id] => 12
)

2025-09-26 12:12:53 - New messages: 0
2025-09-26 12:12:53 - Response sent: {"success":true,"messages":[]}
2025-09-26 12:12:56 - Start
2025-09-26 12:12:56 - Input: {"action":"get_new_messages","data":{"last_id":12}}
2025-09-26 12:12:56 - Action: get_new_messages
2025-09-26 12:12:56 - Data: Array
(
    [last_id] => 12
)

2025-09-26 12:12:56 - New messages: 0
2025-09-26 12:12:56 - Response sent: {"success":true,"messages":[]}
2025-09-26 12:12:58 - Start
2025-09-26 12:12:58 - Input: {"action":"get_new_messages","data":{"last_id":12}}
2025-09-26 12:12:58 - Action: get_new_messages
2025-09-26 12:12:58 - Data: Array
(
    [last_id] => 12
)

2025-09-26 12:12:58 - New messages: 0
2025-09-26 12:12:58 - Response sent: {"success":true,"messages":[]}
2025-09-26 12:13:00 - Start
2025-09-26 12:13:00 - Input: {"action":"get_new_messages","data":{"last_id":12}}
2025-09-26 12:13:00 - Action: get_new_messages
2025-09-26 12:13:00 - Data: Array
(
    [last_id] => 12
)

2025-09-26 12:13:00 - New messages: 0
2025-09-26 12:13:00 - Response sent: {"success":true,"messages":[]}
2025-09-26 12:13:02 - Start
2025-09-26 12:13:02 - Input: {"action":"get_new_messages","data":{"last_id":12}}
2025-09-26 12:13:02 - Action: get_new_messages
2025-09-26 12:13:02 - Data: Array
(
    [last_id] => 12
)

2025-09-26 12:13:02 - New messages: 0
2025-09-26 12:13:02 - Response sent: {"success":true,"messages":[]}
2025-09-26 12:13:04 - Start
2025-09-26 12:13:04 - Input: {"action":"get_new_messages","data":{"last_id":12}}
2025-09-26 12:13:04 - Action: get_new_messages
2025-09-26 12:13:04 - Data: Array
(
    [last_id] => 12
)

2025-09-26 12:13:04 - New messages: 0
2025-09-26 12:13:04 - Response sent: {"success":true,"messages":[]}
2025-09-26 12:13:06 - Start
2025-09-26 12:13:06 - Input: {"action":"get_new_messages","data":{"last_id":12}}
2025-09-26 12:13:06 - Action: get_new_messages
2025-09-26 12:13:06 - Data: Array
(
    [last_id] => 12
)

2025-09-26 12:13:06 - New messages: 0
2025-09-26 12:13:06 - Response sent: {"success":true,"messages":[]}
2025-09-26 12:13:08 - Start
2025-09-26 12:13:08 - Input: {"action":"get_new_messages","data":{"last_id":12}}
2025-09-26 12:13:08 - Action: get_new_messages
2025-09-26 12:13:08 - Data: Array
(
    [last_id] => 12
)

2025-09-26 12:13:08 - New messages: 0
2025-09-26 12:13:08 - Response sent: {"success":true,"messages":[]}
2025-09-26 12:13:10 - Start
2025-09-26 12:13:10 - Input: {"action":"get_new_messages","data":{"last_id":12}}
2025-09-26 12:13:10 - Action: get_new_messages
2025-09-26 12:13:10 - Data: Array
(
    [last_id] => 12
)

2025-09-26 12:13:10 - New messages: 0
2025-09-26 12:13:10 - Response sent: {"success":true,"messages":[]}
2025-09-26 12:13:12 - Start
2025-09-26 12:13:12 - Input: {"action":"get_new_messages","data":{"last_id":12}}
2025-09-26 12:13:12 - Action: get_new_messages
2025-09-26 12:13:12 - Data: Array
(
    [last_id] => 12
)

2025-09-26 12:13:12 - New messages: 0
2025-09-26 12:13:12 - Response sent: {"success":true,"messages":[]}
2025-09-26 12:13:14 - Start
2025-09-26 12:13:14 - Input: {"action":"get_new_messages","data":{"last_id":12}}
2025-09-26 12:13:14 - Action: get_new_messages
2025-09-26 12:13:14 - Data: Array
(
    [last_id] => 12
)

2025-09-26 12:13:14 - New messages: 0
2025-09-26 12:13:14 - Start
2025-09-26 12:13:14 - Response sent: {"success":true,"messages":[]}
2025-09-26 12:13:14 - Input: 
2025-09-26 12:13:14 - Action: get_new_messages
2025-09-26 12:13:14 - Data: Array
(
    [last_id] => 12
)

2025-09-26 12:13:14 - New messages: 0
2025-09-26 12:13:14 - Response sent: {"success":true,"messages":[]}
2025-09-26 12:13:16 - Start
2025-09-26 12:13:16 - Input: {"action":"get_new_messages","data":{"last_id":12}}
2025-09-26 12:13:16 - Action: get_new_messages
2025-09-26 12:13:16 - Data: Array
(
    [last_id] => 12
)

2025-09-26 12:13:16 - New messages: 0
2025-09-26 12:13:16 - Response sent: {"success":true,"messages":[]}
2025-09-26 12:13:18 - Start
2025-09-26 12:13:18 - Input: {"action":"get_new_messages","data":{"last_id":12}}
2025-09-26 12:13:18 - Action: get_new_messages
2025-09-26 12:13:18 - Data: Array
(
    [last_id] => 12
)

2025-09-26 12:13:18 - New messages: 0
2025-09-26 12:13:18 - Response sent: {"success":true,"messages":[]}
2025-09-26 12:13:20 - Start
2025-09-26 12:13:20 - Input: {"action":"get_new_messages","data":{"last_id":12}}
2025-09-26 12:13:20 - Action: get_new_messages
2025-09-26 12:13:20 - Data: Array
(
    [last_id] => 12
)

2025-09-26 12:13:20 - New messages: 0
2025-09-26 12:13:20 - Response sent: {"success":true,"messages":[]}
2025-09-26 12:13:22 - Start
2025-09-26 12:13:22 - Input: {"action":"get_new_messages","data":{"last_id":12}}
2025-09-26 12:13:22 - Action: get_new_messages
2025-09-26 12:13:22 - Data: Array
(
    [last_id] => 12
)

2025-09-26 12:13:22 - New messages: 0
2025-09-26 12:13:22 - Response sent: {"success":true,"messages":[]}
2025-09-26 12:13:24 - Start
2025-09-26 12:13:24 - Input: {"action":"get_new_messages","data":{"last_id":12}}
2025-09-26 12:13:24 - Action: get_new_messages
2025-09-26 12:13:24 - Data: Array
(
    [last_id] => 12
)

2025-09-26 12:13:24 - New messages: 0
2025-09-26 12:13:24 - Response sent: {"success":true,"messages":[]}
2025-09-26 12:13:26 - Start
2025-09-26 12:13:26 - Input: {"action":"get_new_messages","data":{"last_id":12}}
2025-09-26 12:13:26 - Action: get_new_messages
2025-09-26 12:13:26 - Data: Array
(
    [last_id] => 12
)

2025-09-26 12:13:26 - New messages: 0
2025-09-26 12:13:26 - Response sent: {"success":true,"messages":[]}
2025-09-26 12:13:28 - Start
2025-09-26 12:13:28 - Input: {"action":"get_new_messages","data":{"last_id":12}}
2025-09-26 12:13:28 - Action: get_new_messages
2025-09-26 12:13:28 - Data: Array
(
    [last_id] => 12
)

2025-09-26 12:13:28 - New messages: 0
2025-09-26 12:13:28 - Response sent: {"success":true,"messages":[]}
2025-09-26 12:13:30 - Start
2025-09-26 12:13:30 - Input: {"action":"get_new_messages","data":{"last_id":12}}
2025-09-26 12:13:30 - Action: get_new_messages
2025-09-26 12:13:30 - Data: Array
(
    [last_id] => 12
)

2025-09-26 12:13:30 - New messages: 0
2025-09-26 12:13:30 - Response sent: {"success":true,"messages":[]}
2025-09-26 12:13:32 - Start
2025-09-26 12:13:32 - Input: {"action":"get_new_messages","data":{"last_id":12}}
2025-09-26 12:13:32 - Action: get_new_messages
2025-09-26 12:13:32 - Data: Array
(
    [last_id] => 12
)

2025-09-26 12:13:32 - New messages: 0
2025-09-26 12:13:32 - Response sent: {"success":true,"messages":[]}
2025-09-26 12:13:34 - Start
2025-09-26 12:13:34 - Input: {"action":"get_new_messages","data":{"last_id":12}}
2025-09-26 12:13:34 - Action: get_new_messages
2025-09-26 12:13:34 - Data: Array
(
    [last_id] => 12
)

2025-09-26 12:13:34 - New messages: 0
2025-09-26 12:13:34 - Response sent: {"success":true,"messages":[]}
2025-09-26 12:13:36 - Start
2025-09-26 12:13:36 - Input: {"action":"get_new_messages","data":{"last_id":12}}
2025-09-26 12:13:36 - Action: get_new_messages
2025-09-26 12:13:36 - Data: Array
(
    [last_id] => 12
)

2025-09-26 12:13:36 - New messages: 0
2025-09-26 12:13:36 - Response sent: {"success":true,"messages":[]}
2025-09-26 12:13:38 - Start
2025-09-26 12:13:38 - Input: {"action":"get_new_messages","data":{"last_id":12}}
2025-09-26 12:13:38 - Action: get_new_messages
2025-09-26 12:13:38 - Data: Array
(
    [last_id] => 12
)

2025-09-26 12:13:38 - New messages: 0
2025-09-26 12:13:38 - Response sent: {"success":true,"messages":[]}
2025-09-26 12:13:40 - Start
2025-09-26 12:13:40 - Input: {"action":"get_new_messages","data":{"last_id":12}}
2025-09-26 12:13:40 - Action: get_new_messages
2025-09-26 12:13:40 - Data: Array
(
    [last_id] => 12
)

2025-09-26 12:13:40 - New messages: 0
2025-09-26 12:13:40 - Response sent: {"success":true,"messages":[]}
2025-09-26 12:13:42 - Start
2025-09-26 12:13:42 - Input: {"action":"get_new_messages","data":{"last_id":12}}
2025-09-26 12:13:42 - Action: get_new_messages
2025-09-26 12:13:42 - Data: Array
(
    [last_id] => 12
)

2025-09-26 12:13:42 - New messages: 0
2025-09-26 12:13:42 - Response sent: {"success":true,"messages":[]}
2025-09-26 12:13:44 - Start
2025-09-26 12:13:44 - Input: {"action":"get_new_messages","data":{"last_id":12}}
2025-09-26 12:13:44 - Action: get_new_messages
2025-09-26 12:13:44 - Data: Array
(
    [last_id] => 12
)

2025-09-26 12:13:44 - New messages: 0
2025-09-26 12:13:44 - Response sent: {"success":true,"messages":[]}
2025-09-26 12:13:46 - Start
2025-09-26 12:13:46 - Input: {"action":"get_new_messages","data":{"last_id":12}}
2025-09-26 12:13:46 - Action: get_new_messages
2025-09-26 12:13:46 - Data: Array
(
    [last_id] => 12
)

2025-09-26 12:13:46 - New messages: 0
2025-09-26 12:13:46 - Response sent: {"success":true,"messages":[]}
2025-09-26 12:13:48 - Start
2025-09-26 12:13:48 - Input: {"action":"get_new_messages","data":{"last_id":12}}
2025-09-26 12:13:48 - Action: get_new_messages
2025-09-26 12:13:48 - Data: Array
(
    [last_id] => 12
)

2025-09-26 12:13:48 - New messages: 0
2025-09-26 12:13:48 - Response sent: {"success":true,"messages":[]}
2025-09-26 12:13:50 - Start
2025-09-26 12:13:50 - Input: {"action":"get_new_messages","data":{"last_id":12}}
2025-09-26 12:13:50 - Action: get_new_messages
2025-09-26 12:13:50 - Data: Array
(
    [last_id] => 12
)

2025-09-26 12:13:50 - New messages: 0
2025-09-26 12:13:50 - Response sent: {"success":true,"messages":[]}
2025-09-26 12:13:52 - Start
2025-09-26 12:13:52 - Input: {"action":"get_new_messages","data":{"last_id":12}}
2025-09-26 12:13:52 - Action: get_new_messages
2025-09-26 12:13:52 - Data: Array
(
    [last_id] => 12
)

2025-09-26 12:13:52 - New messages: 0
2025-09-26 12:13:52 - Response sent: {"success":true,"messages":[]}
2025-09-26 12:13:54 - Start
2025-09-26 12:13:54 - Input: {"action":"get_new_messages","data":{"last_id":12}}
2025-09-26 12:13:54 - Action: get_new_messages
2025-09-26 12:13:54 - Data: Array
(
    [last_id] => 12
)

2025-09-26 12:13:54 - New messages: 0
2025-09-26 12:13:54 - Response sent: {"success":true,"messages":[]}
2025-09-26 12:14:14 - Start
2025-09-26 12:14:14 - Start
2025-09-26 12:14:14 - Input: 
2025-09-26 12:14:14 - Input: {"action":"get_new_messages","data":{"last_id":12}}
2025-09-26 12:14:14 - Action: get_new_messages
2025-09-26 12:14:14 - Data: Array
(
    [last_id] => 12
)

2025-09-26 12:14:14 - Data: Array
(
    [last_id] => 12
)

2025-09-26 12:14:14 - New messages: 0
2025-09-26 12:14:14 - New messages: 0
2025-09-26 12:14:14 - Response sent: {"success":true,"messages":[]}
2025-09-26 12:14:14 - Response sent: {"success":true,"messages":[]}
2025-09-26 12:15:14 - Start
2025-09-26 12:15:14 - Input: {"action":"get_new_messages","data":{"last_id":12}}
2025-09-26 12:15:14 - Action: get_new_messages
2025-09-26 12:15:14 - Data: Array
(
    [last_id] => 12
)

2025-09-26 12:15:14 - New messages: 0
2025-09-26 12:15:14 - Response sent: {"success":true,"messages":[]}
2025-09-26 12:15:14 - Response sent: {"success":true,"messages":[]}
2025-09-26 12:16:14 - Start
2025-09-26 12:16:14 - Input: 
2025-09-26 12:16:14 - Input: {"action":"get_new_messages","data":{"last_id":12}}
2025-09-26 12:16:14 - Action: get_new_messages
2025-09-26 12:16:14 - Action: get_new_messages
2025-09-26 12:16:14 - Data: Array
(
    [last_id] => 12
)

2025-09-26 12:16:14 - Data: Array
(
    [last_id] => 12
)

2025-09-26 12:16:14 - New messages: 0
2025-09-26 12:16:14 - New messages: 0
2025-09-26 12:16:14 - Response sent: {"success":true,"messages":[]}
2025-09-26 12:16:44 - Start
2025-09-26 12:16:44 - Input: 
2025-09-26 12:16:44 - Action: get_new_messages
2025-09-26 12:16:44 - Data: Array
(
    [last_id] => 12
)

2025-09-26 12:16:44 - New messages: 0
2025-09-26 12:16:44 - Response sent: {"success":true,"messages":[]}
2025-09-26 12:16:45 - Start
2025-09-26 12:16:45 - Input: 
2025-09-26 12:16:45 - Action: get_messages
2025-09-26 12:16:45 - Data: Array
(
)

2025-09-26 12:16:45 - Sent 12 messages
2025-09-26 12:16:45 - Response sent: {"success":true,"messages":[{"text":"\u0438\u0432\u0430\u0438\u0432\u0430\u0438\u0432\u0430\u0438","user_id":"guest_13lx378uh","user_name":"\u0413\u043e\u0441\u0442\u044c","user_role":"guest","id":1,"
2025-09-26 12:16:47 - Start
2025-09-26 12:16:47 - Input: 
2025-09-26 12:16:47 - Action: send_message
2025-09-26 12:16:47 - Data: Array
(
    [text] => dfbdfbfdb
    [user_id] => user_12345
    [user_name] => 12345
    [user_role] => user
)

2025-09-26 12:16:47 - Message saved: dfbdfbfdb
2025-09-26 12:16:47 - Response sent: {"success":true,"message":{"id":13,"text":"dfbdfbfdb","user_id":"user_12345","user_name":"12345","user_role":"user","time":"12:16","timestamp":1758889007}}
2025-09-26 12:16:48 - Start
2025-09-26 12:16:48 - Input: 
2025-09-26 12:16:48 - Action: get_new_messages
2025-09-26 12:16:48 - Data: Array
(
    [last_id] => 13
)

2025-09-26 12:16:48 - New messages: 0
2025-09-26 12:16:48 - Response sent: {"success":true,"messages":[]}
2025-09-26 12:16:52 - Start
2025-09-26 12:16:52 - Input: {"action":"get_new_messages","data":{"last_id":12}}
2025-09-26 12:16:52 - Action: get_new_messages
2025-09-26 12:16:52 - Data: Array
(
    [last_id] => 12
)

2025-09-26 12:16:52 - New messages: 1
2025-09-26 12:16:52 - Response sent: {"success":true,"messages":[{"id":13,"text":"dfbdfbfdb","user_id":"user_12345","user_name":"12345","user_role":"user","time":"12:16","timestamp":1758889007}]}
2025-09-26 12:16:52 - Start
2025-09-26 12:16:52 - Input: 
2025-09-26 12:16:52 - Action: get_new_messages
2025-09-26 12:16:52 - Data: Array
(
    [last_id] => 13
)

2025-09-26 12:16:52 - New messages: 0
2025-09-26 12:16:52 - Response sent: {"success":true,"messages":[]}
2025-09-26 12:16:53 - Start
2025-09-26 12:16:53 - Input: {"action":"get_new_messages","data":{"last_id":13}}
2025-09-26 12:16:53 - Action: get_new_messages
2025-09-26 12:16:53 - Data: Array
(
    [last_id] => 13
)

2025-09-26 12:16:53 - New messages: 0
2025-09-26 12:16:53 - Response sent: {"success":true,"messages":[]}
2025-09-26 12:16:55 - Start
2025-09-26 12:16:55 - Input: {"action":"get_new_messages","data":{"last_id":13}}
2025-09-26 12:16:55 - Action: get_new_messages
2025-09-26 12:16:55 - Data: Array
(
    [last_id] => 13
)

2025-09-26 12:16:55 - New messages: 0
2025-09-26 12:16:55 - Response sent: {"success":true,"messages":[]}
2025-09-26 12:16:55 - Start
2025-09-26 12:16:55 - Input: 
2025-09-26 12:16:55 - Action: get_new_messages
2025-09-26 12:16:55 - Data: Array
(
    [last_id] => 13
)

2025-09-26 12:16:55 - New messages: 0
2025-09-26 12:16:55 - Response sent: {"success":true,"messages":[]}
2025-09-26 12:16:56 - Start
2025-09-26 12:16:56 - Input: {"action":"send_message","data":{"text":"dfdfbdfbdfbfbd","user_id":"guest_rfmo282wb","user_name":"Гость","user_role":"guest"}}
2025-09-26 12:16:56 - Action: send_message
2025-09-26 12:16:56 - Data: Array
(
    [text] => dfdfbdfbdfbfbd
    [user_id] => guest_rfmo282wb
    [user_name] => Гость
    [user_role] => guest
)

2025-09-26 12:16:56 - Message saved: dfdfbdfbdfbfbd
2025-09-26 12:16:56 - Response sent: {"success":true,"message":{"id":14,"text":"dfdfbdfbdfbfbd","user_id":"guest_rfmo282wb","user_name":"\u0413\u043e\u0441\u0442\u044c","user_role":"guest","time":"12:16","timestamp":1758889016}}
2025-09-26 12:16:57 - Start
2025-09-26 12:16:57 - Input: {"action":"get_new_messages","data":{"last_id":14}}
2025-09-26 12:16:57 - Action: get_new_messages
2025-09-26 12:16:57 - Data: Array
(
    [last_id] => 14
)

2025-09-26 12:16:57 - New messages: 0
2025-09-26 12:16:57 - Response sent: {"success":true,"messages":[]}
2025-09-26 12:16:58 - Start
2025-09-26 12:16:58 - Input: 
2025-09-26 12:16:58 - Action: get_new_messages
2025-09-26 12:16:58 - Data: Array
(
    [last_id] => 13
)

2025-09-26 12:16:58 - New messages: 1
2025-09-26 12:16:58 - Response sent: {"success":true,"messages":[{"id":14,"text":"dfdfbdfbdfbfbd","user_id":"guest_rfmo282wb","user_name":"\u0413\u043e\u0441\u0442\u044c","user_role":"guest","time":"12:16","timestamp":1758889016}]}
2025-09-26 12:17:00 - Start
2025-09-26 12:17:00 - Input: {"action":"get_new_messages","data":{"last_id":14}}
2025-09-26 12:17:00 - Action: get_new_messages
2025-09-26 12:17:00 - Data: Array
(
    [last_id] => 14
)

2025-09-26 12:17:00 - New messages: 0
2025-09-26 12:17:00 - Response sent: {"success":true,"messages":[]}
2025-09-26 12:17:00 - Start
2025-09-26 12:17:00 - Input: 
2025-09-26 12:17:00 - Action: get_new_messages
2025-09-26 12:17:00 - Data: Array
(
    [last_id] => 14
)

2025-09-26 12:17:00 - New messages: 0
2025-09-26 12:17:00 - Response sent: {"success":true,"messages":[]}
2025-09-26 12:17:02 - Start
2025-09-26 12:17:02 - Input: {"action":"get_new_messages","data":{"last_id":14}}
2025-09-26 12:17:02 - Action: get_new_messages
2025-09-26 12:17:02 - Data: Array
(
    [last_id] => 14
)

2025-09-26 12:17:02 - New messages: 0
2025-09-26 12:17:02 - Response sent: {"success":true,"messages":[]}
2025-09-26 12:17:03 - Start
2025-09-26 12:17:03 - Input: 
2025-09-26 12:17:03 - Action: get_new_messages
2025-09-26 12:17:03 - Data: Array
(
    [last_id] => 14
)

2025-09-26 12:17:03 - New messages: 0
2025-09-26 12:17:03 - Response sent: {"success":true,"messages":[]}
2025-09-26 12:17:04 - Start
2025-09-26 12:17:04 - Input: {"action":"get_new_messages","data":{"last_id":14}}
2025-09-26 12:17:04 - Action: get_new_messages
2025-09-26 12:17:04 - Data: Array
(
    [last_id] => 14
)

2025-09-26 12:17:04 - New messages: 0
2025-09-26 12:17:04 - Response sent: {"success":true,"messages":[]}
2025-09-26 12:17:06 - Start
2025-09-26 12:17:06 - Input: {"action":"get_new_messages","data":{"last_id":14}}
2025-09-26 12:17:06 - Action: get_new_messages
2025-09-26 12:17:06 - Data: Array
(
    [last_id] => 14
)

2025-09-26 12:17:06 - New messages: 0
2025-09-26 12:17:06 - Response sent: {"success":true,"messages":[]}
2025-09-26 12:17:06 - Start
2025-09-26 12:17:06 - Input: 
2025-09-26 12:17:06 - Action: get_new_messages
2025-09-26 12:17:06 - Data: Array
(
    [last_id] => 14
)

2025-09-26 12:17:06 - New messages: 0
2025-09-26 12:17:06 - Response sent: {"success":true,"messages":[]}
2025-09-26 12:17:08 - Start
2025-09-26 12:17:08 - Input: {"action":"get_new_messages","data":{"last_id":14}}
2025-09-26 12:17:08 - Action: get_new_messages
2025-09-26 12:17:08 - Data: Array
(
    [last_id] => 14
)

2025-09-26 12:17:08 - New messages: 0
2025-09-26 12:17:08 - Response sent: {"success":true,"messages":[]}
2025-09-26 12:17:09 - Start
2025-09-26 12:17:09 - Input: 
2025-09-26 12:17:09 - Action: get_new_messages
2025-09-26 12:17:09 - Data: Array
(
    [last_id] => 14
)

2025-09-26 12:17:09 - New messages: 0
2025-09-26 12:17:09 - Response sent: {"success":true,"messages":[]}
2025-09-26 12:17:10 - Start
2025-09-26 12:17:10 - Input: {"action":"get_new_messages","data":{"last_id":14}}
2025-09-26 12:17:10 - Action: get_new_messages
2025-09-26 12:17:10 - Data: Array
(
    [last_id] => 14
)

2025-09-26 12:17:10 - New messages: 0
2025-09-26 12:17:10 - Response sent: {"success":true,"messages":[]}
2025-09-26 12:17:12 - Start
2025-09-26 12:17:12 - Input: {"action":"get_new_messages","data":{"last_id":14}}
2025-09-26 12:17:12 - Action: get_new_messages
2025-09-26 12:17:12 - Data: Array
(
    [last_id] => 14
)

2025-09-26 12:17:12 - New messages: 0
2025-09-26 12:17:12 - Response sent: {"success":true,"messages":[]}
2025-09-26 12:17:12 - Start
2025-09-26 12:17:12 - Input: 
2025-09-26 12:17:12 - Action: get_new_messages
2025-09-26 12:17:12 - Data: Array
(
    [last_id] => 14
)

2025-09-26 12:17:12 - New messages: 0
2025-09-26 12:17:12 - Response sent: {"success":true,"messages":[]}
2025-09-26 12:17:14 - Start
2025-09-26 12:17:14 - Input: {"action":"get_new_messages","data":{"last_id":14}}
2025-09-26 12:17:14 - Action: get_new_messages
2025-09-26 12:17:14 - Data: Array
(
    [last_id] => 14
)

2025-09-26 12:17:14 - New messages: 0
2025-09-26 12:17:14 - Response sent: {"success":true,"messages":[]}
2025-09-26 12:17:15 - Start
2025-09-26 12:17:15 - Input: 
2025-09-26 12:17:15 - Action: get_new_messages
2025-09-26 12:17:15 - Data: Array
(
    [last_id] => 14
)

2025-09-26 12:17:15 - New messages: 0
2025-09-26 12:17:15 - Response sent: {"success":true,"messages":[]}
2025-09-26 12:17:16 - Start
2025-09-26 12:17:16 - Input: {"action":"get_new_messages","data":{"last_id":14}}
2025-09-26 12:17:16 - Action: get_new_messages
2025-09-26 12:17:16 - Data: Array
(
    [last_id] => 14
)

2025-09-26 12:17:16 - New messages: 0
2025-09-26 12:17:16 - Response sent: {"success":true,"messages":[]}
2025-09-26 12:17:18 - Start
2025-09-26 12:17:18 - Start
2025-09-26 12:17:18 - Input: 
2025-09-26 12:17:18 - Input: {"action":"get_new_messages","data":{"last_id":14}}
2025-09-26 12:17:18 - Action: get_new_messages
2025-09-26 12:17:18 - Action: get_new_messages
2025-09-26 12:17:18 - Data: Array
(
    [last_id] => 14
)

2025-09-26 12:17:18 - Data: Array
(
    [last_id] => 14
)

2025-09-26 12:17:18 - New messages: 0
2025-09-26 12:17:18 - Response sent: {"success":true,"messages":[]}
2025-09-26 12:17:18 - Response sent: {"success":true,"messages":[]}
2025-09-26 12:17:20 - Start
2025-09-26 12:17:20 - Input: {"action":"get_new_messages","data":{"last_id":14}}
2025-09-26 12:17:20 - Action: get_new_messages
2025-09-26 12:17:20 - Data: Array
(
    [last_id] => 14
)

2025-09-26 12:17:20 - New messages: 0
2025-09-26 12:17:20 - Response sent: {"success":true,"messages":[]}
2025-09-26 12:17:21 - Start
2025-09-26 12:17:21 - Input: 
2025-09-26 12:17:21 - Action: get_new_messages
2025-09-26 12:17:21 - Data: Array
(
    [last_id] => 14
)

2025-09-26 12:17:21 - New messages: 0
2025-09-26 12:17:21 - Response sent: {"success":true,"messages":[]}
2025-09-26 12:17:22 - Start
2025-09-26 12:17:22 - Input: {"action":"get_new_messages","data":{"last_id":14}}
2025-09-26 12:17:22 - Action: get_new_messages
2025-09-26 12:17:22 - Data: Array
(
    [last_id] => 14
)

2025-09-26 12:17:22 - New messages: 0
2025-09-26 12:17:22 - Response sent: {"success":true,"messages":[]}
2025-09-26 12:17:24 - Start
2025-09-26 12:17:24 - Input: {"action":"get_new_messages","data":{"last_id":14}}
2025-09-26 12:17:24 - Action: get_new_messages
2025-09-26 12:17:24 - Data: Array
(
    [last_id] => 14
)

2025-09-26 12:17:24 - New messages: 0
2025-09-26 12:17:24 - Response sent: {"success":true,"messages":[]}
2025-09-26 12:17:24 - Start
2025-09-26 12:17:24 - Input: 
2025-09-26 12:17:24 - Action: get_new_messages
2025-09-26 12:17:24 - Data: Array
(
    [last_id] => 14
)

2025-09-26 12:17:24 - New messages: 0
2025-09-26 12:17:24 - Response sent: {"success":true,"messages":[]}
2025-09-26 12:17:26 - Start
2025-09-26 12:17:26 - Input: {"action":"get_new_messages","data":{"last_id":14}}
2025-09-26 12:17:26 - Action: get_new_messages
2025-09-26 12:17:26 - Data: Array
(
    [last_id] => 14
)

2025-09-26 12:17:26 - New messages: 0
2025-09-26 12:17:26 - Response sent: {"success":true,"messages":[]}
2025-09-26 12:17:27 - Start
2025-09-26 12:17:27 - Input: 
2025-09-26 12:17:27 - Action: get_new_messages
2025-09-26 12:17:27 - Data: Array
(
    [last_id] => 14
)

2025-09-26 12:17:27 - New messages: 0
2025-09-26 12:17:27 - Response sent: {"success":true,"messages":[]}
2025-09-26 12:17:28 - Start
2025-09-26 12:17:28 - Input: {"action":"get_new_messages","data":{"last_id":14}}
2025-09-26 12:17:28 - Action: get_new_messages
2025-09-26 12:17:28 - Data: Array
(
    [last_id] => 14
)

2025-09-26 12:17:28 - New messages: 0
2025-09-26 12:17:28 - Response sent: {"success":true,"messages":[]}
2025-09-26 12:17:30 - Start
2025-09-26 12:17:30 - Start
2025-09-26 12:17:30 - Input: {"action":"get_new_messages","data":{"last_id":14}}
2025-09-26 12:17:30 - Input: 
2025-09-26 12:17:30 - Action: get_new_messages
2025-09-26 12:17:30 - Action: get_new_messages
2025-09-26 12:17:30 - Data: Array
(
    [last_id] => 14
)

2025-09-26 12:17:30 - Data: Array
(
    [last_id] => 14
)

2025-09-26 12:17:30 - New messages: 0
2025-09-26 12:17:30 - New messages: 0
2025-09-26 12:17:30 - Response sent: {"success":true,"messages":[]}
2025-09-26 12:17:30 - Response sent: {"success":true,"messages":[]}
2025-09-26 12:17:32 - Start
2025-09-26 12:17:32 - Input: {"action":"get_new_messages","data":{"last_id":14}}
2025-09-26 12:17:32 - Action: get_new_messages
2025-09-26 12:17:32 - Data: Array
(
    [last_id] => 14
)

2025-09-26 12:17:32 - New messages: 0
2025-09-26 12:17:32 - Response sent: {"success":true,"messages":[]}
2025-09-26 12:17:33 - Start
2025-09-26 12:17:33 - Input: 
2025-09-26 12:17:33 - Action: get_new_messages
2025-09-26 12:17:33 - Data: Array
(
    [last_id] => 14
)

2025-09-26 12:17:33 - New messages: 0
2025-09-26 12:17:33 - Response sent: {"success":true,"messages":[]}
2025-09-26 12:17:34 - Start
2025-09-26 12:17:34 - Input: {"action":"get_new_messages","data":{"last_id":14}}
2025-09-26 12:17:34 - Action: get_new_messages
2025-09-26 12:17:34 - Data: Array
(
    [last_id] => 14
)

2025-09-26 12:17:34 - New messages: 0
2025-09-26 12:17:34 - Response sent: {"success":true,"messages":[]}
2025-09-26 12:17:36 - Start
2025-09-26 12:17:36 - Input: 
2025-09-26 12:17:36 - Input: {"action":"get_new_messages","data":{"last_id":14}}
2025-09-26 12:17:36 - Action: get_new_messages
2025-09-26 12:17:36 - Action: get_new_messages
2025-09-26 12:17:36 - Data: Array
(
    [last_id] => 14
)

2025-09-26 12:17:36 - Data: Array
(
    [last_id] => 14
)

2025-09-26 12:17:36 - New messages: 0
2025-09-26 12:17:36 - Response sent: {"success":true,"messages":[]}
2025-09-26 12:17:36 - New messages: 0
2025-09-26 12:17:36 - Response sent: {"success":true,"messages":[]}
2025-09-26 12:17:38 - Start
2025-09-26 12:17:38 - Input: {"action":"get_new_messages","data":{"last_id":14}}
2025-09-26 12:17:38 - Action: get_new_messages
2025-09-26 12:17:38 - Data: Array
(
    [last_id] => 14
)

2025-09-26 12:17:38 - New messages: 0
2025-09-26 12:17:38 - Response sent: {"success":true,"messages":[]}
2025-09-26 12:17:40 - Start
2025-09-26 12:17:40 - Input: {"action":"get_new_messages","data":{"last_id":14}}
2025-09-26 12:17:40 - Input: 
2025-09-26 12:17:40 - Action: get_new_messages
2025-09-26 12:17:40 - Action: get_new_messages
2025-09-26 12:17:40 - Data: Array
(
    [last_id] => 14
)

2025-09-26 12:17:40 - New messages: 0
2025-09-26 12:17:40 - Response sent: {"success":true,"messages":[]}
2025-09-26 12:17:40 - Response sent: {"success":true,"messages":[]}
2025-09-26 12:17:42 - Start
2025-09-26 12:17:42 - Input: {"action":"get_new_messages","data":{"last_id":14}}
2025-09-26 12:17:42 - Action: get_new_messages
2025-09-26 12:17:42 - Data: Array
(
    [last_id] => 14
)

2025-09-26 12:17:42 - New messages: 0
2025-09-26 12:17:42 - Response sent: {"success":true,"messages":[]}
2025-09-26 12:17:43 - Start
2025-09-26 12:17:43 - Input: 
2025-09-26 12:17:43 - Action: get_new_messages
2025-09-26 12:17:43 - Data: Array
(
    [last_id] => 14
)

2025-09-26 12:17:43 - New messages: 0
2025-09-26 12:17:43 - Response sent: {"success":true,"messages":[]}
2025-09-26 12:17:44 - Start
2025-09-26 12:17:44 - Input: {"action":"get_new_messages","data":{"last_id":14}}
2025-09-26 12:17:44 - Action: get_new_messages
2025-09-26 12:17:44 - Data: Array
(
    [last_id] => 14
)

2025-09-26 12:17:44 - New messages: 0
2025-09-26 12:17:44 - Response sent: {"success":true,"messages":[]}
2025-09-26 12:17:46 - Start
2025-09-26 12:17:46 - Input: {"action":"get_new_messages","data":{"last_id":14}}
2025-09-26 12:17:46 - Input: 
2025-09-26 12:17:46 - Action: get_new_messages
2025-09-26 12:17:46 - Action: get_new_messages
2025-09-26 12:17:46 - Data: Array
(
    [last_id] => 14
)

2025-09-26 12:17:46 - Data: Array
(
    [last_id] => 14
)

2025-09-26 12:17:46 - New messages: 0
2025-09-26 12:17:46 - New messages: 0
2025-09-26 12:17:46 - Response sent: {"success":true,"messages":[]}
2025-09-26 12:17:46 - Response sent: {"success":true,"messages":[]}
2025-09-26 12:17:48 - Start
2025-09-26 12:17:48 - Input: {"action":"get_new_messages","data":{"last_id":14}}
2025-09-26 12:17:48 - Action: get_new_messages
2025-09-26 12:17:48 - Data: Array
(
    [last_id] => 14
)

2025-09-26 12:17:48 - New messages: 0
2025-09-26 12:17:48 - Response sent: {"success":true,"messages":[]}
2025-09-26 12:17:49 - Start
2025-09-26 12:17:49 - Input: 
2025-09-26 12:17:49 - Action: get_new_messages
2025-09-26 12:17:49 - Data: Array
(
    [last_id] => 14
)

2025-09-26 12:17:49 - New messages: 0
2025-09-26 12:17:49 - Response sent: {"success":true,"messages":[]}
2025-09-26 12:17:50 - Start
2025-09-26 12:17:50 - Input: {"action":"get_new_messages","data":{"last_id":14}}
2025-09-26 12:17:50 - Action: get_new_messages
2025-09-26 12:17:50 - Data: Array
(
    [last_id] => 14
)

2025-09-26 12:17:50 - New messages: 0
2025-09-26 12:17:50 - Response sent: {"success":true,"messages":[]}
2025-09-26 12:17:52 - Start
2025-09-26 12:17:52 - Input: {"action":"get_new_messages","data":{"last_id":14}}
2025-09-26 12:17:52 - Input: 
2025-09-26 12:17:52 - Action: get_new_messages
2025-09-26 12:17:52 - Data: Array
(
    [last_id] => 14
)

2025-09-26 12:17:52 - New messages: 0
2025-09-26 12:17:52 - New messages: 0
2025-09-26 12:17:52 - Response sent: {"success":true,"messages":[]}
2025-09-26 12:17:54 - Start
2025-09-26 12:17:54 - Input: {"action":"get_new_messages","data":{"last_id":14}}
2025-09-26 12:17:54 - Action: get_new_messages
2025-09-26 12:17:54 - Data: Array
(
    [last_id] => 14
)

2025-09-26 12:17:54 - New messages: 0
2025-09-26 12:17:54 - Response sent: {"success":true,"messages":[]}
2025-09-26 12:17:55 - Start
2025-09-26 12:17:55 - Input: 
2025-09-26 12:17:55 - Action: get_new_messages
2025-09-26 12:17:55 - Data: Array
(
    [last_id] => 14
)

2025-09-26 12:17:55 - New messages: 0
2025-09-26 12:17:55 - Response sent: {"success":true,"messages":[]}
2025-09-26 12:17:56 - Start
2025-09-26 12:17:56 - Input: {"action":"get_new_messages","data":{"last_id":14}}
2025-09-26 12:17:56 - Action: get_new_messages
2025-09-26 12:17:56 - Data: Array
(
    [last_id] => 14
)

2025-09-26 12:17:56 - New messages: 0
2025-09-26 12:17:56 - Response sent: {"success":true,"messages":[]}
2025-09-26 12:17:58 - Start
2025-09-26 12:17:58 - Input: 
2025-09-26 12:17:58 - Action: get_new_messages
2025-09-26 12:17:58 - Data: Array
(
    [last_id] => 14
)

2025-09-26 12:17:58 - New messages: 0
2025-09-26 12:17:58 - Response sent: {"success":true,"messages":[]}
2025-09-26 12:18:01 - Start
2025-09-26 12:18:01 - Input: 
2025-09-26 12:18:01 - Action: get_new_messages
2025-09-26 12:18:01 - Data: Array
(
    [last_id] => 14
)

2025-09-26 12:18:01 - New messages: 0
2025-09-26 12:18:01 - Response sent: {"success":true,"messages":[]}
2025-09-26 12:18:04 - Start
2025-09-26 12:18:04 - Input: 
2025-09-26 12:18:04 - Action: get_new_messages
2025-09-26 12:18:04 - Data: Array
(
    [last_id] => 14
)

2025-09-26 12:18:04 - New messages: 0
2025-09-26 12:18:04 - Response sent: {"success":true,"messages":[]}
2025-09-26 12:18:07 - Start
2025-09-26 12:18:07 - Input: 
2025-09-26 12:18:07 - Action: get_new_messages
2025-09-26 12:18:07 - Data: Array
(
    [last_id] => 14
)

2025-09-26 12:18:07 - New messages: 0
2025-09-26 12:18:07 - Response sent: {"success":true,"messages":[]}
2025-09-26 12:18:10 - Start
2025-09-26 12:18:10 - Input: 
2025-09-26 12:18:10 - Action: get_new_messages
2025-09-26 12:18:10 - Data: Array
(
    [last_id] => 14
)

2025-09-26 12:18:10 - New messages: 0
2025-09-26 12:18:10 - Response sent: {"success":true,"messages":[]}
2025-09-26 12:18:13 - Start
2025-09-26 12:18:13 - Input: 
2025-09-26 12:18:13 - Action: get_new_messages
2025-09-26 12:18:13 - Data: Array
(
    [last_id] => 14
)

2025-09-26 12:18:13 - New messages: 0
2025-09-26 12:18:13 - Response sent: {"success":true,"messages":[]}
2025-09-26 12:18:14 - Start
2025-09-26 12:18:14 - Input: {"action":"get_new_messages","data":{"last_id":14}}
2025-09-26 12:18:14 - Action: get_new_messages
2025-09-26 12:18:14 - Data: Array
(
    [last_id] => 14
)

2025-09-26 12:18:14 - New messages: 0
2025-09-26 12:18:14 - Response sent: {"success":true,"messages":[]}
2025-09-26 12:18:16 - Start
2025-09-26 12:18:16 - Input: 
2025-09-26 12:18:16 - Action: get_new_messages
2025-09-26 12:18:16 - Data: Array
(
    [last_id] => 14
)

2025-09-26 12:18:16 - New messages: 0
2025-09-26 12:18:16 - Response sent: {"success":true,"messages":[]}
2025-09-26 12:18:19 - Start
2025-09-26 12:18:19 - Input: 
2025-09-26 12:18:19 - Action: get_new_messages
2025-09-26 12:18:19 - Data: Array
(
    [last_id] => 14
)

2025-09-26 12:18:19 - New messages: 0
2025-09-26 12:18:19 - Response sent: {"success":true,"messages":[]}
2025-09-26 12:18:22 - Start
2025-09-26 12:18:22 - Input: 
2025-09-26 12:18:22 - Action: get_new_messages
2025-09-26 12:18:22 - Data: Array
(
    [last_id] => 14
)

2025-09-26 12:18:22 - New messages: 0
2025-09-26 12:18:22 - Response sent: {"success":true,"messages":[]}
2025-09-26 12:18:25 - Start
2025-09-26 12:18:25 - Input: 
2025-09-26 12:18:25 - Action: get_new_messages
2025-09-26 12:18:25 - Data: Array
(
    [last_id] => 14
)

2025-09-26 12:18:25 - New messages: 0
2025-09-26 12:18:25 - Response sent: {"success":true,"messages":[]}
2025-09-26 12:18:26 - Start
2025-09-26 12:18:26 - Input: {"action":"get_new_messages","data":{"last_id":14}}
2025-09-26 12:18:26 - Action: get_new_messages
2025-09-26 12:18:26 - Data: Array
(
    [last_id] => 14
)

2025-09-26 12:18:26 - New messages: 0
2025-09-26 12:18:26 - Response sent: {"success":true,"messages":[]}
2025-09-26 12:18:28 - Start
2025-09-26 12:18:28 - Start
2025-09-26 12:18:28 - Input: {"action":"get_new_messages","data":{"last_id":14}}
2025-09-26 12:18:28 - Input: 
2025-09-26 12:18:28 - Action: get_new_messages
2025-09-26 12:18:28 - Action: get_new_messages
2025-09-26 12:18:28 - Data: Array
(
    [last_id] => 14
)

2025-09-26 12:18:28 - Data: Array
(
    [last_id] => 14
)

2025-09-26 12:18:28 - New messages: 0
2025-09-26 12:18:28 - New messages: 0
2025-09-26 12:18:28 - Response sent: {"success":true,"messages":[]}
2025-09-26 12:18:28 - Response sent: {"success":true,"messages":[]}
2025-09-26 12:18:30 - Start
2025-09-26 12:18:30 - Input: {"action":"get_new_messages","data":{"last_id":14}}
2025-09-26 12:18:30 - Action: get_new_messages
2025-09-26 12:18:30 - Data: Array
(
    [last_id] => 14
)

2025-09-26 12:18:30 - New messages: 0
2025-09-26 12:18:30 - Response sent: {"success":true,"messages":[]}
2025-09-26 12:18:31 - Start
2025-09-26 12:18:31 - Input: 
2025-09-26 12:18:31 - Action: get_new_messages
2025-09-26 12:18:31 - Data: Array
(
    [last_id] => 14
)

2025-09-26 12:18:31 - New messages: 0
2025-09-26 12:18:31 - Response sent: {"success":true,"messages":[]}
2025-09-26 12:18:32 - Start
2025-09-26 12:18:32 - Input: {"action":"get_new_messages","data":{"last_id":14}}
2025-09-26 12:18:32 - Action: get_new_messages
2025-09-26 12:18:32 - Data: Array
(
    [last_id] => 14
)

2025-09-26 12:18:32 - New messages: 0
2025-09-26 12:18:32 - Response sent: {"success":true,"messages":[]}
2025-09-26 12:18:34 - Start
2025-09-26 12:18:34 - Input: {"action":"get_new_messages","data":{"last_id":14}}
2025-09-26 12:18:34 - Input: 
2025-09-26 12:18:34 - Action: get_new_messages
2025-09-26 12:18:34 - Action: get_new_messages
2025-09-26 12:18:34 - Data: Array
(
    [last_id] => 14
)

2025-09-26 12:18:34 - Data: Array
(
    [last_id] => 14
)

2025-09-26 12:18:34 - New messages: 0
2025-09-26 12:18:34 - New messages: 0
2025-09-26 12:18:34 - Response sent: {"success":true,"messages":[]}
2025-09-26 12:18:34 - Response sent: {"success":true,"messages":[]}
2025-09-26 12:18:36 - Start
2025-09-26 12:18:36 - Input: {"action":"get_new_messages","data":{"last_id":14}}
2025-09-26 12:18:36 - Action: get_new_messages
2025-09-26 12:18:36 - Data: Array
(
    [last_id] => 14
)

2025-09-26 12:18:36 - New messages: 0
2025-09-26 12:18:36 - Response sent: {"success":true,"messages":[]}
2025-09-26 12:18:38 - Start
2025-09-26 12:18:38 - Input: {"action":"get_new_messages","data":{"last_id":14}}
2025-09-26 12:18:38 - Action: get_new_messages
2025-09-26 12:18:38 - Data: Array
(
    [last_id] => 14
)

2025-09-26 12:18:38 - New messages: 0
2025-09-26 12:18:38 - Response sent: {"success":true,"messages":[]}
2025-09-26 12:18:40 - Start
2025-09-26 12:18:40 - Input: {"action":"get_new_messages","data":{"last_id":14}}
2025-09-26 12:18:40 - Action: get_new_messages
2025-09-26 12:18:40 - Data: Array
(
    [last_id] => 14
)

2025-09-26 12:18:40 - New messages: 0
2025-09-26 12:18:40 - Response sent: {"success":true,"messages":[]}
2025-09-26 12:18:42 - Start
2025-09-26 12:18:42 - Input: {"action":"get_new_messages","data":{"last_id":14}}
2025-09-26 12:18:42 - Action: get_new_messages
2025-09-26 12:18:42 - Data: Array
(
    [last_id] => 14
)

2025-09-26 12:18:42 - New messages: 0
2025-09-26 12:18:42 - Response sent: {"success":true,"messages":[]}
2025-09-26 12:18:44 - Start
2025-09-26 12:18:44 - Input: {"action":"get_new_messages","data":{"last_id":14}}
2025-09-26 12:18:44 - Action: get_new_messages
2025-09-26 12:18:44 - Data: Array
(
    [last_id] => 14
)

2025-09-26 12:18:44 - New messages: 0
2025-09-26 12:18:44 - Response sent: {"success":true,"messages":[]}
2025-09-26 12:18:46 - Start
2025-09-26 12:18:46 - Input: {"action":"get_new_messages","data":{"last_id":14}}
2025-09-26 12:18:46 - Action: get_new_messages
2025-09-26 12:18:46 - Data: Array
(
    [last_id] => 14
)

2025-09-26 12:18:46 - New messages: 0
2025-09-26 12:18:46 - Response sent: {"success":true,"messages":[]}
2025-09-26 12:18:48 - Start
2025-09-26 12:18:48 - Input: {"action":"get_new_messages","data":{"last_id":14}}
2025-09-26 12:18:48 - Action: get_new_messages
2025-09-26 12:18:48 - Data: Array
(
    [last_id] => 14
)

2025-09-26 12:18:48 - New messages: 0
2025-09-26 12:18:48 - Response sent: {"success":true,"messages":[]}
2025-09-26 12:18:50 - Start
2025-09-26 12:18:50 - Input: {"action":"get_new_messages","data":{"last_id":14}}
2025-09-26 12:18:50 - Action: get_new_messages
2025-09-26 12:18:50 - Data: Array
(
    [last_id] => 14
)

2025-09-26 12:18:50 - New messages: 0
2025-09-26 12:18:50 - Response sent: {"success":true,"messages":[]}
2025-09-26 12:18:52 - Start
2025-09-26 12:18:52 - Input: {"action":"get_new_messages","data":{"last_id":14}}
2025-09-26 12:18:52 - Action: get_new_messages
2025-09-26 12:18:52 - Data: Array
(
    [last_id] => 14
)

2025-09-26 12:18:52 - New messages: 0
2025-09-26 12:18:52 - Response sent: {"success":true,"messages":[]}
2025-09-26 12:18:54 - Start
2025-09-26 12:18:54 - Input: {"action":"get_new_messages","data":{"last_id":14}}
2025-09-26 12:18:54 - Action: get_new_messages
2025-09-26 12:18:54 - Data: Array
(
    [last_id] => 14
)

2025-09-26 12:18:54 - New messages: 0
2025-09-26 12:18:54 - Response sent: {"success":true,"messages":[]}
2025-09-26 12:18:56 - Start
2025-09-26 12:18:56 - Input: {"action":"get_new_messages","data":{"last_id":14}}
2025-09-26 12:18:56 - Action: get_new_messages
2025-09-26 12:18:56 - Data: Array
(
    [last_id] => 14
)

2025-09-26 12:18:56 - New messages: 0
2025-09-26 12:18:56 - Response sent: {"success":true,"messages":[]}
2025-09-26 12:18:58 - Start
2025-09-26 12:18:58 - Input: {"action":"get_new_messages","data":{"last_id":14}}
2025-09-26 12:18:58 - Action: get_new_messages
2025-09-26 12:18:58 - Data: Array
(
    [last_id] => 14
)

2025-09-26 12:18:58 - New messages: 0
2025-09-26 12:18:58 - Response sent: {"success":true,"messages":[]}
2025-09-26 12:19:00 - Start
2025-09-26 12:19:00 - Input: {"action":"get_new_messages","data":{"last_id":14}}
2025-09-26 12:19:00 - Action: get_new_messages
2025-09-26 12:19:00 - Data: Array
(
    [last_id] => 14
)

2025-09-26 12:19:00 - New messages: 0
2025-09-26 12:19:00 - Response sent: {"success":true,"messages":[]}
2025-09-26 12:19:02 - Start
2025-09-26 12:19:02 - Input: {"action":"get_new_messages","data":{"last_id":14}}
2025-09-26 12:19:02 - Action: get_new_messages
2025-09-26 12:19:02 - Data: Array
(
    [last_id] => 14
)

2025-09-26 12:19:02 - New messages: 0
2025-09-26 12:19:02 - Response sent: {"success":true,"messages":[]}
2025-09-26 12:19:04 - Start
2025-09-26 12:19:04 - Input: {"action":"get_new_messages","data":{"last_id":14}}
2025-09-26 12:19:04 - Action: get_new_messages
2025-09-26 12:19:04 - Data: Array
(
    [last_id] => 14
)

2025-09-26 12:19:04 - New messages: 0
2025-09-26 12:19:04 - Response sent: {"success":true,"messages":[]}
2025-09-26 12:19:06 - Start
2025-09-26 12:19:06 - Input: {"action":"get_new_messages","data":{"last_id":14}}
2025-09-26 12:19:06 - Action: get_new_messages
2025-09-26 12:19:06 - Data: Array
(
    [last_id] => 14
)

2025-09-26 12:19:06 - New messages: 0
2025-09-26 12:19:06 - Response sent: {"success":true,"messages":[]}
2025-09-26 12:19:08 - Start
2025-09-26 12:19:08 - Input: {"action":"get_new_messages","data":{"last_id":14}}
2025-09-26 12:19:08 - Action: get_new_messages
2025-09-26 12:19:08 - Data: Array
(
    [last_id] => 14
)

2025-09-26 12:19:08 - New messages: 0
2025-09-26 12:19:08 - Response sent: {"success":true,"messages":[]}
2025-09-26 12:19:10 - Start
2025-09-26 12:19:10 - Input: {"action":"get_new_messages","data":{"last_id":14}}
2025-09-26 12:19:10 - Action: get_new_messages
2025-09-26 12:19:10 - Data: Array
(
    [last_id] => 14
)

2025-09-26 12:19:10 - New messages: 0
2025-09-26 12:19:10 - Response sent: {"success":true,"messages":[]}
2025-09-26 12:19:12 - Start
2025-09-26 12:19:12 - Input: {"action":"get_new_messages","data":{"last_id":14}}
2025-09-26 12:19:12 - Action: get_new_messages
2025-09-26 12:19:12 - Data: Array
(
    [last_id] => 14
)

2025-09-26 12:19:12 - New messages: 0
2025-09-26 12:19:12 - Response sent: {"success":true,"messages":[]}
2025-09-26 12:19:14 - Start
2025-09-26 12:19:14 - Input: {"action":"get_new_messages","data":{"last_id":14}}
2025-09-26 12:19:14 - Start
2025-09-26 12:19:14 - Action: get_new_messages
2025-09-26 12:19:14 - Data: Array
(
    [last_id] => 14
)

2025-09-26 12:19:14 - Action: get_new_messages
2025-09-26 12:19:14 - Data: Array
(
    [last_id] => 14
)

2025-09-26 12:19:14 - New messages: 0
2025-09-26 12:19:14 - Response sent: {"success":true,"messages":[]}
2025-09-26 12:19:14 - New messages: 0
2025-09-26 12:19:14 - Response sent: {"success":true,"messages":[]}
2025-09-26 12:19:16 - Start
2025-09-26 12:19:16 - Input: {"action":"get_new_messages","data":{"last_id":14}}
2025-09-26 12:19:16 - Action: get_new_messages
2025-09-26 12:19:16 - Data: Array
(
    [last_id] => 14
)

2025-09-26 12:19:16 - New messages: 0
2025-09-26 12:19:16 - Response sent: {"success":true,"messages":[]}
2025-09-26 12:19:18 - Start
2025-09-26 12:19:18 - Input: {"action":"get_new_messages","data":{"last_id":14}}
2025-09-26 12:19:18 - Action: get_new_messages
2025-09-26 12:19:18 - Data: Array
(
    [last_id] => 14
)

2025-09-26 12:19:18 - New messages: 0
2025-09-26 12:19:18 - Response sent: {"success":true,"messages":[]}
2025-09-26 12:19:20 - Start
2025-09-26 12:19:20 - Input: {"action":"get_new_messages","data":{"last_id":14}}
2025-09-26 12:19:20 - Action: get_new_messages
2025-09-26 12:19:20 - Data: Array
(
    [last_id] => 14
)

2025-09-26 12:19:20 - New messages: 0
2025-09-26 12:19:20 - Response sent: {"success":true,"messages":[]}
2025-09-26 12:19:22 - Start
2025-09-26 12:19:22 - Input: {"action":"get_new_messages","data":{"last_id":14}}
2025-09-26 12:19:22 - Action: get_new_messages
2025-09-26 12:19:22 - Data: Array
(
    [last_id] => 14
)

2025-09-26 12:19:22 - New messages: 0
2025-09-26 12:19:22 - Response sent: {"success":true,"messages":[]}
2025-09-26 12:19:23 - Start
2025-09-26 12:19:23 - Input: {"action":"get_new_messages","data":{"last_id":14}}
2025-09-26 12:19:23 - Action: get_new_messages
2025-09-26 12:19:23 - Data: Array
(
    [last_id] => 14
)

2025-09-26 12:19:23 - New messages: 0
2025-09-26 12:19:23 - Response sent: {"success":true,"messages":[]}
2025-09-26 12:19:26 - Start
2025-09-26 12:19:26 - Input: {"action":"get_new_messages","data":{"last_id":14}}
2025-09-26 12:19:26 - Action: get_new_messages
2025-09-26 12:19:26 - Data: Array
(
    [last_id] => 14
)

2025-09-26 12:19:26 - New messages: 0
2025-09-26 12:19:26 - Response sent: {"success":true,"messages":[]}
2025-09-26 12:19:28 - Start
2025-09-26 12:19:28 - Input: {"action":"get_new_messages","data":{"last_id":14}}
2025-09-26 12:19:28 - Action: get_new_messages
2025-09-26 12:19:28 - Data: Array
(
    [last_id] => 14
)

2025-09-26 12:19:28 - New messages: 0
2025-09-26 12:19:28 - Response sent: {"success":true,"messages":[]}
2025-09-26 12:19:30 - Start
2025-09-26 12:19:30 - Input: {"action":"get_new_messages","data":{"last_id":14}}
2025-09-26 12:19:30 - Action: get_new_messages
2025-09-26 12:19:30 - Data: Array
(
    [last_id] => 14
)

2025-09-26 12:19:30 - New messages: 0
2025-09-26 12:19:30 - Response sent: {"success":true,"messages":[]}
2025-09-26 12:19:32 - Start
2025-09-26 12:19:32 - Input: {"action":"get_new_messages","data":{"last_id":14}}
2025-09-26 12:19:32 - Action: get_new_messages
2025-09-26 12:19:32 - Data: Array
(
    [last_id] => 14
)

2025-09-26 12:19:32 - New messages: 0
2025-09-26 12:19:32 - Response sent: {"success":true,"messages":[]}
2025-09-26 12:19:34 - Start
2025-09-26 12:19:34 - Input: {"action":"get_new_messages","data":{"last_id":14}}
2025-09-26 12:19:34 - Action: get_new_messages
2025-09-26 12:19:34 - Data: Array
(
    [last_id] => 14
)

2025-09-26 12:19:34 - New messages: 0
2025-09-26 12:19:34 - Response sent: {"success":true,"messages":[]}
2025-09-26 12:19:36 - Start
2025-09-26 12:19:36 - Input: {"action":"get_new_messages","data":{"last_id":14}}
2025-09-26 12:19:36 - Action: get_new_messages
2025-09-26 12:19:36 - Data: Array
(
    [last_id] => 14
)

2025-09-26 12:19:36 - New messages: 0
2025-09-26 12:19:36 - Response sent: {"success":true,"messages":[]}
2025-09-26 12:19:38 - Start
2025-09-26 12:19:38 - Input: {"action":"get_new_messages","data":{"last_id":14}}
2025-09-26 12:19:38 - Action: get_new_messages
2025-09-26 12:19:38 - Data: Array
(
    [last_id] => 14
)

2025-09-26 12:19:38 - New messages: 0
2025-09-26 12:19:38 - Response sent: {"success":true,"messages":[]}
2025-09-26 12:19:40 - Start
2025-09-26 12:19:40 - Input: {"action":"get_new_messages","data":{"last_id":14}}
2025-09-26 12:19:40 - Action: get_new_messages
2025-09-26 12:19:40 - Data: Array
(
    [last_id] => 14
)

2025-09-26 12:19:40 - New messages: 0
2025-09-26 12:19:40 - Response sent: {"success":true,"messages":[]}
2025-09-26 12:19:42 - Start
2025-09-26 12:19:42 - Input: {"action":"get_new_messages","data":{"last_id":14}}
2025-09-26 12:19:42 - Action: get_new_messages
2025-09-26 12:19:42 - Data: Array
(
    [last_id] => 14
)

2025-09-26 12:19:42 - New messages: 0
2025-09-26 12:19:42 - Response sent: {"success":true,"messages":[]}
2025-09-26 12:19:44 - Start
2025-09-26 12:19:44 - Input: {"action":"get_new_messages","data":{"last_id":14}}
2025-09-26 12:19:44 - Action: get_new_messages
2025-09-26 12:19:44 - Data: Array
(
    [last_id] => 14
)

2025-09-26 12:19:44 - New messages: 0
2025-09-26 12:19:44 - Response sent: {"success":true,"messages":[]}
2025-09-26 12:19:46 - Start
2025-09-26 12:19:46 - Input: {"action":"get_new_messages","data":{"last_id":14}}
2025-09-26 12:19:46 - Action: get_new_messages
2025-09-26 12:19:46 - Data: Array
(
    [last_id] => 14
)

2025-09-26 12:19:46 - New messages: 0
2025-09-26 12:19:46 - Response sent: {"success":true,"messages":[]}
2025-09-26 12:19:48 - Start
2025-09-26 12:19:48 - Input: {"action":"get_new_messages","data":{"last_id":14}}
2025-09-26 12:19:48 - Action: get_new_messages
2025-09-26 12:19:48 - Data: Array
(
    [last_id] => 14
)

2025-09-26 12:19:48 - New messages: 0
2025-09-26 12:19:48 - Response sent: {"success":true,"messages":[]}
2025-09-26 12:19:50 - Start
2025-09-26 12:19:50 - Input: {"action":"get_new_messages","data":{"last_id":14}}
2025-09-26 12:19:50 - Action: get_new_messages
2025-09-26 12:19:50 - Data: Array
(
    [last_id] => 14
)

2025-09-26 12:19:50 - New messages: 0
2025-09-26 12:19:50 - Response sent: {"success":true,"messages":[]}
2025-09-26 12:19:52 - Start
2025-09-26 12:19:52 - Input: {"action":"get_new_messages","data":{"last_id":14}}
2025-09-26 12:19:52 - Action: get_new_messages
2025-09-26 12:19:52 - Data: Array
(
    [last_id] => 14
)

2025-09-26 12:19:52 - New messages: 0
2025-09-26 12:19:52 - Response sent: {"success":true,"messages":[]}
2025-09-26 12:19:54 - Start
2025-09-26 12:19:54 - Input: {"action":"get_new_messages","data":{"last_id":14}}
2025-09-26 12:19:54 - Action: get_new_messages
2025-09-26 12:19:54 - Data: Array
(
    [last_id] => 14
)

2025-09-26 12:19:54 - New messages: 0
2025-09-26 12:19:54 - Response sent: {"success":true,"messages":[]}
2025-09-26 12:19:56 - Start
2025-09-26 12:19:56 - Input: {"action":"get_new_messages","data":{"last_id":14}}
2025-09-26 12:19:56 - Action: get_new_messages
2025-09-26 12:19:56 - Data: Array
(
    [last_id] => 14
)

2025-09-26 12:19:56 - New messages: 0
2025-09-26 12:19:56 - Response sent: {"success":true,"messages":[]}
2025-09-26 12:19:57 - Start
2025-09-26 12:19:57 - Input: {"action":"get_new_messages","data":{"last_id":14}}
2025-09-26 12:19:57 - Action: get_new_messages
2025-09-26 12:19:57 - Data: Array
(
    [last_id] => 14
)

2025-09-26 12:19:57 - New messages: 0
2025-09-26 12:19:57 - Response sent: {"success":true,"messages":[]}
2025-09-26 12:20:00 - Start
2025-09-26 12:20:00 - Input: {"action":"get_new_messages","data":{"last_id":14}}
2025-09-26 12:20:00 - Action: get_new_messages
2025-09-26 12:20:00 - Data: Array
(
    [last_id] => 14
)

2025-09-26 12:20:00 - New messages: 0
2025-09-26 12:20:00 - Response sent: {"success":true,"messages":[]}
2025-09-26 12:20:02 - Start
2025-09-26 12:20:02 - Input: {"action":"get_new_messages","data":{"last_id":14}}
2025-09-26 12:20:02 - Action: get_new_messages
2025-09-26 12:20:02 - Data: Array
(
    [last_id] => 14
)

2025-09-26 12:20:02 - New messages: 0
2025-09-26 12:20:02 - Response sent: {"success":true,"messages":[]}
2025-09-26 12:20:04 - Start
2025-09-26 12:20:04 - Input: {"action":"get_new_messages","data":{"last_id":14}}
2025-09-26 12:20:04 - Action: get_new_messages
2025-09-26 12:20:04 - Data: Array
(
    [last_id] => 14
)

2025-09-26 12:20:04 - New messages: 0
2025-09-26 12:20:04 - Response sent: {"success":true,"messages":[]}
2025-09-26 12:20:06 - Start
2025-09-26 12:20:06 - Input: {"action":"get_new_messages","data":{"last_id":14}}
2025-09-26 12:20:06 - Action: get_new_messages
2025-09-26 12:20:06 - Data: Array
(
    [last_id] => 14
)

2025-09-26 12:20:06 - New messages: 0
2025-09-26 12:20:06 - Response sent: {"success":true,"messages":[]}
2025-09-26 12:20:08 - Start
2025-09-26 12:20:08 - Input: {"action":"get_new_messages","data":{"last_id":14}}
2025-09-26 12:20:08 - Action: get_new_messages
2025-09-26 12:20:08 - Data: Array
(
    [last_id] => 14
)

2025-09-26 12:20:08 - New messages: 0
2025-09-26 12:20:08 - Response sent: {"success":true,"messages":[]}
2025-09-26 12:20:10 - Start
2025-09-26 12:20:10 - Input: {"action":"get_new_messages","data":{"last_id":14}}
2025-09-26 12:20:10 - Action: get_new_messages
2025-09-26 12:20:10 - Data: Array
(
    [last_id] => 14
)

2025-09-26 12:20:10 - New messages: 0
2025-09-26 12:20:10 - Response sent: {"success":true,"messages":[]}
2025-09-26 12:20:12 - Start
2025-09-26 12:20:12 - Input: {"action":"get_new_messages","data":{"last_id":14}}
2025-09-26 12:20:12 - Action: get_new_messages
2025-09-26 12:20:12 - Data: Array
(
    [last_id] => 14
)

2025-09-26 12:20:12 - New messages: 0
2025-09-26 12:20:12 - Response sent: {"success":true,"messages":[]}
2025-09-26 12:20:14 - Start
2025-09-26 12:20:14 - Input: {"action":"get_new_messages","data":{"last_id":14}}
2025-09-26 12:20:14 - Action: get_new_messages
2025-09-26 12:20:14 - Data: Array
(
    [last_id] => 14
)

2025-09-26 12:20:14 - Start
2025-09-26 12:20:14 - New messages: 0
2025-09-26 12:20:14 - Input: 
2025-09-26 12:20:14 - Response sent: {"success":true,"messages":[]}
2025-09-26 12:20:14 - Action: get_new_messages
2025-09-26 12:20:14 - Data: Array
(
    [last_id] => 14
)

2025-09-26 12:20:14 - New messages: 0
2025-09-26 12:20:14 - Response sent: {"success":true,"messages":[]}
2025-09-26 12:20:16 - Start
2025-09-26 12:20:16 - Input: {"action":"get_new_messages","data":{"last_id":14}}
2025-09-26 12:20:16 - Action: get_new_messages
2025-09-26 12:20:16 - Data: Array
(
    [last_id] => 14
)

2025-09-26 12:20:16 - New messages: 0
2025-09-26 12:20:16 - Response sent: {"success":true,"messages":[]}
2025-09-26 12:20:18 - Start
2025-09-26 12:20:18 - Input: {"action":"get_new_messages","data":{"last_id":14}}
2025-09-26 12:20:18 - Action: get_new_messages
2025-09-26 12:20:18 - Data: Array
(
    [last_id] => 14
)

2025-09-26 12:20:18 - New messages: 0
2025-09-26 12:20:18 - Response sent: {"success":true,"messages":[]}
2025-09-26 12:20:20 - Start
2025-09-26 12:20:20 - Input: {"action":"get_new_messages","data":{"last_id":14}}
2025-09-26 12:20:20 - Action: get_new_messages
2025-09-26 12:20:20 - Data: Array
(
    [last_id] => 14
)

2025-09-26 12:20:20 - New messages: 0
2025-09-26 12:20:20 - Response sent: {"success":true,"messages":[]}
2025-09-26 12:20:22 - Start
2025-09-26 12:20:22 - Input: {"action":"get_new_messages","data":{"last_id":14}}
2025-09-26 12:20:22 - Action: get_new_messages
2025-09-26 12:20:22 - Data: Array
(
    [last_id] => 14
)

2025-09-26 12:20:22 - New messages: 0
2025-09-26 12:20:22 - Response sent: {"success":true,"messages":[]}
2025-09-26 12:20:24 - Start
2025-09-26 12:20:24 - Input: {"action":"get_new_messages","data":{"last_id":14}}
2025-09-26 12:20:24 - Action: get_new_messages
2025-09-26 12:20:24 - Data: Array
(
    [last_id] => 14
)

2025-09-26 12:20:24 - New messages: 0
2025-09-26 12:20:24 - Response sent: {"success":true,"messages":[]}
2025-09-26 12:20:26 - Start
2025-09-26 12:20:26 - Input: {"action":"get_new_messages","data":{"last_id":14}}
2025-09-26 12:20:26 - Action: get_new_messages
2025-09-26 12:20:26 - Data: Array
(
    [last_id] => 14
)

2025-09-26 12:20:26 - New messages: 0
2025-09-26 12:20:26 - Response sent: {"success":true,"messages":[]}
2025-09-26 12:20:28 - Start
2025-09-26 12:20:28 - Input: {"action":"get_new_messages","data":{"last_id":14}}
2025-09-26 12:20:28 - Action: get_new_messages
2025-09-26 12:20:28 - Data: Array
(
    [last_id] => 14
)

2025-09-26 12:20:28 - New messages: 0
2025-09-26 12:20:28 - Response sent: {"success":true,"messages":[]}
2025-09-26 12:20:30 - Start
2025-09-26 12:20:30 - Input: {"action":"get_new_messages","data":{"last_id":14}}
2025-09-26 12:20:30 - Action: get_new_messages
2025-09-26 12:20:30 - Data: Array
(
    [last_id] => 14
)

2025-09-26 12:20:30 - New messages: 0
2025-09-26 12:20:30 - Response sent: {"success":true,"messages":[]}
2025-09-26 12:20:32 - Start
2025-09-26 12:20:32 - Input: {"action":"get_new_messages","data":{"last_id":14}}
2025-09-26 12:20:32 - Action: get_new_messages
2025-09-26 12:20:32 - Data: Array
(
    [last_id] => 14
)

2025-09-26 12:20:32 - New messages: 0
2025-09-26 12:20:32 - Response sent: {"success":true,"messages":[]}
2025-09-26 12:20:34 - Start
2025-09-26 12:20:34 - Input: {"action":"get_new_messages","data":{"last_id":14}}
2025-09-26 12:20:34 - Action: get_new_messages
2025-09-26 12:20:34 - Data: Array
(
    [last_id] => 14
)

2025-09-26 12:20:34 - New messages: 0
2025-09-26 12:20:34 - Response sent: {"success":true,"messages":[]}
2025-09-26 12:20:36 - Start
2025-09-26 12:20:36 - Input: {"action":"get_new_messages","data":{"last_id":14}}
2025-09-26 12:20:36 - Action: get_new_messages
2025-09-26 12:20:36 - Data: Array
(
    [last_id] => 14
)

2025-09-26 12:20:36 - New messages: 0
2025-09-26 12:20:36 - Response sent: {"success":true,"messages":[]}
2025-09-26 12:20:38 - Start
2025-09-26 12:20:38 - Input: {"action":"get_new_messages","data":{"last_id":14}}
2025-09-26 12:20:38 - Action: get_new_messages
2025-09-26 12:20:38 - Data: Array
(
    [last_id] => 14
)

2025-09-26 12:20:38 - New messages: 0
2025-09-26 12:20:38 - Response sent: {"success":true,"messages":[]}
2025-09-26 12:20:40 - Start
2025-09-26 12:20:40 - Input: {"action":"get_new_messages","data":{"last_id":14}}
2025-09-26 12:20:40 - Action: get_new_messages
2025-09-26 12:20:40 - Data: Array
(
    [last_id] => 14
)

2025-09-26 12:20:40 - New messages: 0
2025-09-26 12:20:40 - Response sent: {"success":true,"messages":[]}
2025-09-26 12:20:42 - Start
2025-09-26 12:20:42 - Input: {"action":"get_new_messages","data":{"last_id":14}}
2025-09-26 12:20:42 - Action: get_new_messages
2025-09-26 12:20:42 - Data: Array
(
    [last_id] => 14
)

2025-09-26 12:20:42 - New messages: 0
2025-09-26 12:20:42 - Response sent: {"success":true,"messages":[]}
2025-09-26 12:20:44 - Start
2025-09-26 12:20:44 - Input: {"action":"get_new_messages","data":{"last_id":14}}
2025-09-26 12:20:44 - Action: get_new_messages
2025-09-26 12:20:44 - Data: Array
(
    [last_id] => 14
)

2025-09-26 12:20:44 - New messages: 0
2025-09-26 12:20:44 - Response sent: {"success":true,"messages":[]}
2025-09-26 12:20:46 - Start
2025-09-26 12:20:46 - Input: {"action":"get_new_messages","data":{"last_id":14}}
2025-09-26 12:20:46 - Action: get_new_messages
2025-09-26 12:20:46 - Data: Array
(
    [last_id] => 14
)

2025-09-26 12:20:46 - New messages: 0
2025-09-26 12:20:46 - Response sent: {"success":true,"messages":[]}
2025-09-26 12:20:48 - Start
2025-09-26 12:20:48 - Input: {"action":"get_new_messages","data":{"last_id":14}}
2025-09-26 12:20:48 - Action: get_new_messages
2025-09-26 12:20:48 - Data: Array
(
    [last_id] => 14
)

2025-09-26 12:20:48 - New messages: 0
2025-09-26 12:20:48 - Response sent: {"success":true,"messages":[]}
2025-09-26 12:20:50 - Start
2025-09-26 12:20:50 - Input: {"action":"get_new_messages","data":{"last_id":14}}
2025-09-26 12:20:50 - Action: get_new_messages
2025-09-26 12:20:50 - Data: Array
(
    [last_id] => 14
)

2025-09-26 12:20:50 - New messages: 0
2025-09-26 12:20:50 - Response sent: {"success":true,"messages":[]}
2025-09-26 12:20:52 - Start
2025-09-26 12:20:52 - Input: {"action":"get_new_messages","data":{"last_id":14}}
2025-09-26 12:20:52 - Action: get_new_messages
2025-09-26 12:20:52 - Data: Array
(
    [last_id] => 14
)

2025-09-26 12:20:52 - New messages: 0
2025-09-26 12:20:52 - Response sent: {"success":true,"messages":[]}
2025-09-26 12:20:54 - Start
2025-09-26 12:20:54 - Input: {"action":"get_new_messages","data":{"last_id":14}}
2025-09-26 12:20:54 - Action: get_new_messages
2025-09-26 12:20:54 - Data: Array
(
    [last_id] => 14
)

2025-09-26 12:20:54 - New messages: 0
2025-09-26 12:20:54 - Response sent: {"success":true,"messages":[]}
2025-09-26 12:20:56 - Start
2025-09-26 12:20:56 - Input: {"action":"get_new_messages","data":{"last_id":14}}
2025-09-26 12:20:56 - Action: get_new_messages
2025-09-26 12:20:56 - Data: Array
(
    [last_id] => 14
)

2025-09-26 12:20:56 - New messages: 0
2025-09-26 12:20:56 - Response sent: {"success":true,"messages":[]}
2025-09-26 12:21:14 - Start
2025-09-26 12:21:14 - Start
2025-09-26 12:21:14 - Input: 
2025-09-26 12:21:14 - Action: get_new_messages
_messages","data":{"last_id":14}}
2025-09-26 12:21:14 - Action: get_new_messages
2025-09-26 12:21:14 - Data: Array
(
    [last_id] => 14
)

2025-09-26 12:21:14 - Data: Array
(
    [last_id] => 14
)

2025-09-26 12:21:14 - New messages: 0
2025-09-26 12:21:14 - New messages: 0
"success":true,"messages":[]}
2025-09-26 12:21:14 - Response sent: {"success":true,"messages":[]}
2025-09-26 12:22:14 - Start
2025-09-26 12:22:14 - Input: 
2025-09-26 12:22:14 - Input: {"action":"get_new_messages","data":{"last_id":14}}
2025-09-26 12:22:14 - Action: get_new_messages
2025-09-26 12:22:14 - Action: get_new_messages
2025-09-26 12:22:14 - Data: Array
(
    [last_id] => 14
)

2025-09-26 12:22:14 - Data: Array
(
    [last_id] => 14
)

2025-09-26 12:22:14 - New messages: 0
2025-09-26 12:22:14 - Response sent: {"success":true,"messages":[]}
2025-09-26 12:22:14 - New messages: 0
2025-09-26 12:22:14 - Response sent: {"success":true,"messages":[]}
2025-09-26 12:23:14 - Start
2025-09-26 12:23:14 - Start
2025-09-26 12:23:14 - Input: {"action":"get_new_messages","data":{"last_id":14}}
2025-09-26 12:23:14 - Input: 
2025-09-26 12:23:14 - Action: get_new_messages
2025-09-26 12:23:14 - Action: get_new_messages
2025-09-26 12:23:14 - Data: Array
(
    [last_id] => 14
)

2025-09-26 12:23:14 - Data: Array
(
    [last_id] => 14
)

2025-09-26 12:23:14 - New messages: 0
2025-09-26 12:23:14 - New messages: 0
2025-09-26 12:23:14 - Response sent: {"success":true,"messages":[]}
2025-09-26 12:23:14 - Response sent: {"success":true,"messages":[]}
2025-09-26 12:24:14 - Start
2025-09-26 12:24:14 - Start
2025-09-26 12:24:14 - Input: {"action":"get_new_messages","data":{"last_id":14}}
2025-09-26 12:24:14 - Action: get_new_messages
2025-09-26 12:24:14 - Action: get_new_messages
2025-09-26 12:24:14 - Data: Array
(
    [last_id] => 14
)

2025-09-26 12:24:14 - Data: Array
(
    [last_id] => 14
)

2025-09-26 12:24:14 - New messages: 0
2025-09-26 12:24:14 - Response sent: {"success":true,"messages":[]}
2025-09-26 12:24:14 - Response sent: {"success":true,"messages":[]}
2025-09-26 12:25:14 - Start
2025-09-26 12:25:14 - Input: 
2025-09-26 12:25:14 - Input: {"action":"get_new_messages","data":{"last_id":14}}
2025-09-26 12:25:14 - Data: Array
(
    [last_id] => 14
)

2025-09-26 12:25:14 - Action: get_new_messages
2025-09-26 12:25:14 - Data: Array
(
    [last_id] => 14
)

2025-09-26 12:25:14 - New messages: 0
2025-09-26 12:25:14 - Response sent: {"success":true,"messages":[]}
2025-09-26 12:25:14 - Response sent: {"success":true,"messages":[]}
2025-09-26 12:26:14 - Start
2025-09-26 12:26:14 - Start
2025-09-26 12:26:14 - Input: 
2025-09-26 12:26:14 - Input: {"action":"get_new_messages","data":{"last_id":14}}
2025-09-26 12:26:14 - Action: get_new_messages
2025-09-26 12:26:14 - Action: get_new_messages
2025-09-26 12:26:14 - Data: Array
(
    [last_id] => 14
)

2025-09-26 12:26:14 - Data: Array
(
    [last_id] => 14
)

2025-09-26 12:26:14 - New messages: 0
2025-09-26 12:26:14 - Response sent: {"success":true,"messages":[]}
2025-09-26 12:26:14 - Response sent: {"success":true,"messages":[]}
2025-09-26 12:26:39 - Start
2025-09-26 12:26:39 - Input: {"action":"get_new_messages","data":{"last_id":14}}
2025-09-26 12:26:39 - Action: get_new_messages
2025-09-26 12:26:39 - Data: Array
(
    [last_id] => 14
)

2025-09-26 12:26:39 - New messages: 0
2025-09-26 12:26:39 - Response sent: {"success":true,"messages":[]}
2025-09-26 12:26:40 - Start
2025-09-26 12:26:40 - Input: {"action":"get_new_messages","data":{"last_id":14}}
2025-09-26 12:26:40 - Action: get_new_messages
2025-09-26 12:26:40 - Data: Array
(
    [last_id] => 14
)

2025-09-26 12:26:40 - New messages: 0
2025-09-26 12:26:40 - Response sent: {"success":true,"messages":[]}
2025-09-26 12:26:42 - Start
2025-09-26 12:26:42 - Input: {"action":"get_new_messages","data":{"last_id":14}}
2025-09-26 12:26:42 - Action: get_new_messages
2025-09-26 12:26:42 - Data: Array
(
    [last_id] => 14
)

2025-09-26 12:26:42 - New messages: 0
2025-09-26 12:26:42 - Response sent: {"success":true,"messages":[]}
2025-09-26 12:26:44 - Start
2025-09-26 12:26:44 - Input: {"action":"get_new_messages","data":{"last_id":14}}
2025-09-26 12:26:44 - Action: get_new_messages
2025-09-26 12:26:44 - Data: Array
(
    [last_id] => 14
)

2025-09-26 12:26:44 - New messages: 0
2025-09-26 12:26:44 - Response sent: {"success":true,"messages":[]}
2025-09-26 12:26:46 - Start
2025-09-26 12:26:46 - Input: {"action":"get_new_messages","data":{"last_id":14}}
2025-09-26 12:26:46 - Action: get_new_messages
2025-09-26 12:26:46 - Data: Array
(
    [last_id] => 14
)

2025-09-26 12:26:46 - New messages: 0
2025-09-26 12:26:46 - Response sent: {"success":true,"messages":[]}
2025-09-26 12:26:48 - Start
2025-09-26 12:26:48 - Input: {"action":"get_new_messages","data":{"last_id":14}}
2025-09-26 12:26:48 - Action: get_new_messages
2025-09-26 12:26:48 - Data: Array
(
    [last_id] => 14
)

2025-09-26 12:26:48 - New messages: 0
2025-09-26 12:26:48 - Response sent: {"success":true,"messages":[]}
2025-09-26 12:26:50 - Start
2025-09-26 12:26:50 - Input: {"action":"get_new_messages","data":{"last_id":14}}
2025-09-26 12:26:50 - Action: get_new_messages
2025-09-26 12:26:50 - Data: Array
(
    [last_id] => 14
)

2025-09-26 12:26:50 - New messages: 0
2025-09-26 12:26:50 - Response sent: {"success":true,"messages":[]}
2025-09-26 12:26:52 - Start
2025-09-26 12:26:52 - Input: {"action":"get_new_messages","data":{"last_id":14}}
2025-09-26 12:26:52 - Action: get_new_messages
2025-09-26 12:26:52 - Data: Array
(
    [last_id] => 14
)

2025-09-26 12:26:52 - New messages: 0
2025-09-26 12:26:52 - Response sent: {"success":true,"messages":[]}
2025-09-26 12:26:54 - Start
2025-09-26 12:26:54 - Input: {"action":"get_new_messages","data":{"last_id":14}}
2025-09-26 12:26:54 - Action: get_new_messages
2025-09-26 12:26:54 - Data: Array
(
    [last_id] => 14
)

2025-09-26 12:26:54 - New messages: 0
2025-09-26 12:26:54 - Response sent: {"success":true,"messages":[]}
2025-09-26 12:26:56 - Start
2025-09-26 12:26:56 - Input: {"action":"get_new_messages","data":{"last_id":14}}
2025-09-26 12:26:56 - Action: get_new_messages
2025-09-26 12:26:56 - Data: Array
(
    [last_id] => 14
)

2025-09-26 12:26:56 - New messages: 0
2025-09-26 12:26:56 - Response sent: {"success":true,"messages":[]}
2025-09-26 12:26:58 - Start
2025-09-26 12:26:58 - Input: {"action":"get_new_messages","data":{"last_id":14}}
2025-09-26 12:26:58 - Action: get_new_messages
2025-09-26 12:26:58 - Data: Array
(
    [last_id] => 14
)

2025-09-26 12:26:58 - New messages: 0
2025-09-26 12:26:58 - Response sent: {"success":true,"messages":[]}
2025-09-26 12:27:00 - Start
2025-09-26 12:27:00 - Input: {"action":"get_new_messages","data":{"last_id":14}}
2025-09-26 12:27:00 - Action: get_new_messages
2025-09-26 12:27:00 - Data: Array
(
    [last_id] => 14
)

2025-09-26 12:27:00 - New messages: 0
2025-09-26 12:27:00 - Response sent: {"success":true,"messages":[]}
2025-09-26 12:27:02 - Start
2025-09-26 12:27:02 - Input: {"action":"get_new_messages","data":{"last_id":14}}
2025-09-26 12:27:02 - Action: get_new_messages
2025-09-26 12:27:02 - Data: Array
(
    [last_id] => 14
)

2025-09-26 12:27:02 - New messages: 0
2025-09-26 12:27:02 - Response sent: {"success":true,"messages":[]}
2025-09-26 12:27:04 - Start
2025-09-26 12:27:04 - Input: {"action":"get_new_messages","data":{"last_id":14}}
2025-09-26 12:27:04 - Action: get_new_messages
2025-09-26 12:27:04 - Data: Array
(
    [last_id] => 14
)

2025-09-26 12:27:04 - New messages: 0
2025-09-26 12:27:04 - Response sent: {"success":true,"messages":[]}
2025-09-26 12:27:06 - Start
2025-09-26 12:27:06 - Input: {"action":"get_new_messages","data":{"last_id":14}}
2025-09-26 12:27:06 - Action: get_new_messages
2025-09-26 12:27:06 - Data: Array
(
    [last_id] => 14
)

2025-09-26 12:27:06 - New messages: 0
2025-09-26 12:27:06 - Response sent: {"success":true,"messages":[]}
2025-09-26 12:27:08 - Start
2025-09-26 12:27:08 - Input: {"action":"get_new_messages","data":{"last_id":14}}
2025-09-26 12:27:08 - Action: get_new_messages
2025-09-26 12:27:08 - Data: Array
(
    [last_id] => 14
)

2025-09-26 12:27:08 - New messages: 0
2025-09-26 12:27:08 - Response sent: {"success":true,"messages":[]}
2025-09-26 12:27:10 - Start
2025-09-26 12:27:10 - Input: {"action":"get_new_messages","data":{"last_id":14}}
2025-09-26 12:27:10 - Action: get_new_messages
2025-09-26 12:27:10 - Data: Array
(
    [last_id] => 14
)

2025-09-26 12:27:10 - New messages: 0
2025-09-26 12:27:10 - Response sent: {"success":true,"messages":[]}
2025-09-26 12:27:12 - Start
2025-09-26 12:27:12 - Input: {"action":"get_new_messages","data":{"last_id":14}}
2025-09-26 12:27:12 - Action: get_new_messages
2025-09-26 12:27:12 - Data: Array
(
    [last_id] => 14
)

2025-09-26 12:27:12 - New messages: 0
2025-09-26 12:27:12 - Response sent: {"success":true,"messages":[]}
2025-09-26 12:27:14 - Start
2025-09-26 12:27:14 - Start
2025-09-26 12:27:14 - Input: {"action":"get_new_messages","data":{"last_id":14}}
2025-09-26 12:27:14 - Action: get_new_messages
2025-09-26 12:27:14 - Data: Array
(
    [last_id] => 14
)

2025-09-26 12:27:14 - Data: Array
(
    [last_id] => 14
)

2025-09-26 12:27:14 - New messages: 0
2025-09-26 12:27:14 - New messages: 0
2025-09-26 12:27:14 - Response sent: {"success":true,"messages":[]}
2025-09-26 12:27:14 - Response sent: {"success":true,"messages":[]}
2025-09-26 12:27:16 - Start
2025-09-26 12:27:16 - Input: {"action":"get_new_messages","data":{"last_id":14}}
2025-09-26 12:27:16 - Action: get_new_messages
2025-09-26 12:27:16 - Data: Array
(
    [last_id] => 14
)

2025-09-26 12:27:16 - New messages: 0
2025-09-26 12:27:16 - Response sent: {"success":true,"messages":[]}
2025-09-26 12:27:18 - Start
2025-09-26 12:27:18 - Input: {"action":"get_new_messages","data":{"last_id":14}}
2025-09-26 12:27:18 - Action: get_new_messages
2025-09-26 12:27:18 - Data: Array
(
    [last_id] => 14
)

2025-09-26 12:27:18 - New messages: 0
2025-09-26 12:27:18 - Response sent: {"success":true,"messages":[]}
2025-09-26 12:27:20 - Start
2025-09-26 12:27:20 - Input: {"action":"get_new_messages","data":{"last_id":14}}
2025-09-26 12:27:20 - Action: get_new_messages
2025-09-26 12:27:20 - Data: Array
(
    [last_id] => 14
)

2025-09-26 12:27:20 - New messages: 0
2025-09-26 12:27:20 - Response sent: {"success":true,"messages":[]}
2025-09-26 12:27:22 - Start
2025-09-26 12:27:22 - Input: {"action":"get_new_messages","data":{"last_id":14}}
2025-09-26 12:27:22 - Action: get_new_messages
2025-09-26 12:27:22 - Data: Array
(
    [last_id] => 14
)

2025-09-26 12:27:22 - New messages: 0
2025-09-26 12:27:22 - Response sent: {"success":true,"messages":[]}
2025-09-26 12:27:24 - Start
2025-09-26 12:27:24 - Input: 
2025-09-26 12:27:24 - Action: get_new_messages
2025-09-26 12:27:24 - Data: Array
(
    [last_id] => 14
)

2025-09-26 12:27:24 - New messages: 0
2025-09-26 12:27:24 - Response sent: {"success":true,"messages":[]}
2025-09-26 12:27:24 - Start
2025-09-26 12:27:24 - Input: {"action":"get_new_messages","data":{"last_id":14}}
2025-09-26 12:27:24 - Input: 
2025-09-26 12:27:24 - Action: get_new_messages
2025-09-26 12:27:24 - Data: Array
(
    [last_id] => 14
)

2025-09-26 12:27:24 - New messages: 0
2025-09-26 12:27:24 - Response sent: {"success":true,"messages":[]}
2025-09-26 12:27:24 - Response sent: {"success":true,"messages":[]}
2025-09-26 12:27:25 - Start
2025-09-26 12:27:25 - Input: 
2025-09-26 12:27:25 - Action: get_messages
2025-09-26 12:27:25 - Data: Array
(
)

2025-09-26 12:27:25 - Sent 14 messages
2025-09-26 12:27:25 - Response sent: {"success":true,"messages":[{"text":"\u0438\u0432\u0430\u0438\u0432\u0430\u0438\u0432\u0430\u0438","user_id":"guest_13lx378uh","user_name":"\u0413\u043e\u0441\u0442\u044c","user_role":"guest","id":1,"
2025-09-26 12:27:26 - Start
2025-09-26 12:27:26 - Input: {"action":"get_new_messages","data":{"last_id":14}}
2025-09-26 12:27:26 - Action: get_new_messages
2025-09-26 12:27:26 - Data: Array
(
    [last_id] => 14
)

2025-09-26 12:27:26 - New messages: 0
2025-09-26 12:27:26 - Response sent: {"success":true,"messages":[]}
2025-09-26 12:27:28 - Start
2025-09-26 12:27:28 - Input: {"action":"get_new_messages","data":{"last_id":14}}
2025-09-26 12:27:28 - Action: get_new_messages
2025-09-26 12:27:28 - Data: Array
(
    [last_id] => 14
)

2025-09-26 12:27:28 - New messages: 0
2025-09-26 12:27:28 - Response sent: {"success":true,"messages":[]}
2025-09-26 12:27:30 - Start
2025-09-26 12:27:30 - Input: {"action":"get_new_messages","data":{"last_id":14}}
2025-09-26 12:27:30 - Action: get_new_messages
2025-09-26 12:27:30 - Data: Array
(
    [last_id] => 14
)

2025-09-26 12:27:30 - New messages: 0
2025-09-26 12:27:30 - Response sent: {"success":true,"messages":[]}
2025-09-26 12:27:32 - Start
2025-09-26 12:27:32 - Input: {"action":"get_new_messages","data":{"last_id":14}}
2025-09-26 12:27:32 - Action: get_new_messages
2025-09-26 12:27:32 - Data: Array
(
    [last_id] => 14
)

2025-09-26 12:27:32 - New messages: 0
2025-09-26 12:27:32 - Response sent: {"success":true,"messages":[]}
2025-09-26 12:27:34 - Start
2025-09-26 12:27:34 - Input: {"action":"get_new_messages","data":{"last_id":14}}
2025-09-26 12:27:34 - Action: get_new_messages
2025-09-26 12:27:34 - Data: Array
(
    [last_id] => 14
)

2025-09-26 12:27:34 - New messages: 0
2025-09-26 12:27:34 - Response sent: {"success":true,"messages":[]}
2025-09-26 12:27:36 - Start
2025-09-26 12:27:36 - Input: {"action":"get_new_messages","data":{"last_id":14}}
2025-09-26 12:27:36 - Action: get_new_messages
2025-09-26 12:27:36 - Data: Array
(
    [last_id] => 14
)

2025-09-26 12:27:36 - New messages: 0
2025-09-26 12:27:36 - Response sent: {"success":true,"messages":[]}
2025-09-26 12:27:38 - Start
2025-09-26 12:27:38 - Input: {"action":"get_new_messages","data":{"last_id":14}}
2025-09-26 12:27:38 - Action: get_new_messages
2025-09-26 12:27:38 - Data: Array
(
    [last_id] => 14
)

2025-09-26 12:27:38 - New messages: 0
2025-09-26 12:27:38 - Response sent: {"success":true,"messages":[]}
2025-09-26 12:27:40 - Start
2025-09-26 12:27:40 - Input: {"action":"get_new_messages","data":{"last_id":14}}
2025-09-26 12:27:40 - Action: get_new_messages
2025-09-26 12:27:40 - Data: Array
(
    [last_id] => 14
)

2025-09-26 12:27:40 - New messages: 0
2025-09-26 12:27:40 - Response sent: {"success":true,"messages":[]}
2025-09-26 12:27:42 - Start
2025-09-26 12:27:42 - Input: {"action":"get_new_messages","data":{"last_id":14}}
2025-09-26 12:27:42 - Action: get_new_messages
2025-09-26 12:27:42 - Data: Array
(
    [last_id] => 14
)

2025-09-26 12:27:42 - New messages: 0
2025-09-26 12:27:42 - Response sent: {"success":true,"messages":[]}
2025-09-26 12:27:44 - Start
2025-09-26 12:27:44 - Input: {"action":"get_new_messages","data":{"last_id":14}}
2025-09-26 12:27:44 - Action: get_new_messages
2025-09-26 12:27:44 - Data: Array
(
    [last_id] => 14
)

2025-09-26 12:27:44 - New messages: 0
2025-09-26 12:27:44 - Response sent: {"success":true,"messages":[]}
2025-09-26 12:27:46 - Start
2025-09-26 12:27:46 - Input: {"action":"get_new_messages","data":{"last_id":14}}
2025-09-26 12:27:46 - Action: get_new_messages
2025-09-26 12:27:46 - Data: Array
(
    [last_id] => 14
)

2025-09-26 12:27:46 - New messages: 0
2025-09-26 12:27:46 - Response sent: {"success":true,"messages":[]}
2025-09-26 12:27:48 - Start
2025-09-26 12:27:48 - Input: {"action":"get_new_messages","data":{"last_id":14}}
2025-09-26 12:27:48 - Action: get_new_messages
2025-09-26 12:27:48 - Data: Array
(
    [last_id] => 14
)

2025-09-26 12:27:48 - New messages: 0
2025-09-26 12:27:48 - Response sent: {"success":true,"messages":[]}
2025-09-26 12:27:50 - Start
2025-09-26 12:27:50 - Input: {"action":"get_new_messages","data":{"last_id":14}}
2025-09-26 12:27:50 - Action: get_new_messages
2025-09-26 12:27:50 - Data: Array
(
    [last_id] => 14
)

2025-09-26 12:27:50 - New messages: 0
2025-09-26 12:27:50 - Response sent: {"success":true,"messages":[]}
2025-09-26 12:27:52 - Start
2025-09-26 12:27:52 - Input: {"action":"get_new_messages","data":{"last_id":14}}
2025-09-26 12:27:52 - Action: get_new_messages
2025-09-26 12:27:52 - Data: Array
(
    [last_id] => 14
)

2025-09-26 12:27:52 - New messages: 0
2025-09-26 12:27:52 - Response sent: {"success":true,"messages":[]}
2025-09-26 12:27:54 - Start
2025-09-26 12:27:54 - Input: {"action":"get_new_messages","data":{"last_id":14}}
2025-09-26 12:27:54 - Action: get_new_messages
2025-09-26 12:27:54 - Data: Array
(
    [last_id] => 14
)

2025-09-26 12:27:54 - New messages: 0
2025-09-26 12:27:54 - Response sent: {"success":true,"messages":[]}
2025-09-26 12:27:56 - Start
2025-09-26 12:27:56 - Input: {"action":"get_new_messages","data":{"last_id":14}}
2025-09-26 12:27:56 - Action: get_new_messages
2025-09-26 12:27:56 - Data: Array
(
    [last_id] => 14
)

2025-09-26 12:27:56 - New messages: 0
2025-09-26 12:27:56 - Response sent: {"success":true,"messages":[]}
2025-09-26 12:27:58 - Start
2025-09-26 12:27:58 - Input: {"action":"get_new_messages","data":{"last_id":14}}
2025-09-26 12:27:58 - Action: get_new_messages
2025-09-26 12:27:58 - Data: Array
(
    [last_id] => 14
)

2025-09-26 12:27:58 - New messages: 0
2025-09-26 12:27:58 - Response sent: {"success":true,"messages":[]}
2025-09-26 12:28:00 - Start
2025-09-26 12:28:00 - Input: {"action":"get_new_messages","data":{"last_id":14}}
2025-09-26 12:28:00 - Action: get_new_messages
2025-09-26 12:28:00 - Data: Array
(
    [last_id] => 14
)

2025-09-26 12:28:00 - New messages: 0
2025-09-26 12:28:00 - Response sent: {"success":true,"messages":[]}
2025-09-26 12:28:02 - Start
2025-09-26 12:28:02 - Input: {"action":"get_new_messages","data":{"last_id":14}}
2025-09-26 12:28:02 - Action: get_new_messages
2025-09-26 12:28:02 - Data: Array
(
    [last_id] => 14
)

2025-09-26 12:28:02 - New messages: 0
2025-09-26 12:28:02 - Response sent: {"success":true,"messages":[]}
2025-09-26 12:28:04 - Start
2025-09-26 12:28:04 - Input: {"action":"get_new_messages","data":{"last_id":14}}
2025-09-26 12:28:04 - Action: get_new_messages
2025-09-26 12:28:04 - Data: Array
(
    [last_id] => 14
)

2025-09-26 12:28:04 - New messages: 0
2025-09-26 12:28:04 - Response sent: {"success":true,"messages":[]}
2025-09-26 12:28:06 - Start
2025-09-26 12:28:06 - Input: {"action":"get_new_messages","data":{"last_id":14}}
2025-09-26 12:28:06 - Action: get_new_messages
2025-09-26 12:28:06 - Data: Array
(
    [last_id] => 14
)

2025-09-26 12:28:06 - New messages: 0
2025-09-26 12:28:06 - Response sent: {"success":true,"messages":[]}
2025-09-26 12:28:08 - Start
2025-09-26 12:28:08 - Input: {"action":"get_new_messages","data":{"last_id":14}}
2025-09-26 12:28:08 - Action: get_new_messages
2025-09-26 12:28:08 - Data: Array
(
    [last_id] => 14
)

2025-09-26 12:28:08 - New messages: 0
2025-09-26 12:28:08 - Response sent: {"success":true,"messages":[]}
2025-09-26 12:28:10 - Start
2025-09-26 12:28:10 - Input: {"action":"get_new_messages","data":{"last_id":14}}
2025-09-26 12:28:10 - Action: get_new_messages
2025-09-26 12:28:10 - Data: Array
(
    [last_id] => 14
)

2025-09-26 12:28:10 - New messages: 0
2025-09-26 12:28:10 - Response sent: {"success":true,"messages":[]}
2025-09-26 12:28:12 - Start
2025-09-26 12:28:12 - Input: {"action":"get_new_messages","data":{"last_id":14}}
2025-09-26 12:28:12 - Action: get_new_messages
2025-09-26 12:28:12 - Data: Array
(
    [last_id] => 14
)

2025-09-26 12:28:12 - New messages: 0
2025-09-26 12:28:12 - Response sent: {"success":true,"messages":[]}
2025-09-26 12:28:14 - Start
2025-09-26 12:28:14 - Input: {"action":"get_new_messages","data":{"last_id":14}}
2025-09-26 12:28:14 - Action: get_new_messages
2025-09-26 12:28:14 - Data: Array
(
    [last_id] => 14
)

2025-09-26 12:28:14 - New messages: 0
2025-09-26 12:28:14 - Response sent: {"success":true,"messages":[]}
2025-09-26 12:28:16 - Start
2025-09-26 12:28:16 - Input: {"action":"get_new_messages","data":{"last_id":14}}
2025-09-26 12:28:16 - Action: get_new_messages
2025-09-26 12:28:16 - Data: Array
(
    [last_id] => 14
)

2025-09-26 12:28:16 - New messages: 0
2025-09-26 12:28:16 - Response sent: {"success":true,"messages":[]}
2025-09-26 12:28:18 - Start
2025-09-26 12:28:18 - Input: {"action":"get_new_messages","data":{"last_id":14}}
2025-09-26 12:28:18 - Action: get_new_messages
2025-09-26 12:28:18 - Data: Array
(
    [last_id] => 14
)

2025-09-26 12:28:18 - New messages: 0
2025-09-26 12:28:18 - Response sent: {"success":true,"messages":[]}
2025-09-26 12:28:20 - Start
2025-09-26 12:28:20 - Input: {"action":"get_new_messages","data":{"last_id":14}}
2025-09-26 12:28:20 - Action: get_new_messages
2025-09-26 12:28:20 - Data: Array
(
    [last_id] => 14
)

2025-09-26 12:28:20 - New messages: 0
2025-09-26 12:28:20 - Response sent: {"success":true,"messages":[]}
2025-09-26 12:28:22 - Start
2025-09-26 12:28:22 - Input: {"action":"get_new_messages","data":{"last_id":14}}
2025-09-26 12:28:22 - Action: get_new_messages
2025-09-26 12:28:22 - Data: Array
(
    [last_id] => 14
)

2025-09-26 12:28:22 - New messages: 0
2025-09-26 12:28:22 - Response sent: {"success":true,"messages":[]}
2025-09-26 12:28:24 - Start
2025-09-26 12:28:24 - Input: {"action":"get_new_messages","data":{"last_id":14}}
2025-09-26 12:28:24 - Action: get_new_messages
2025-09-26 12:28:24 - Data: Array
(
    [last_id] => 14
)

2025-09-26 12:28:24 - New messages: 0
2025-09-26 12:28:24 - Response sent: {"success":true,"messages":[]}
2025-09-26 12:28:26 - Start
2025-09-26 12:28:26 - Input: {"action":"get_new_messages","data":{"last_id":14}}
2025-09-26 12:28:26 - Action: get_new_messages
2025-09-26 12:28:26 - Data: Array
(
    [last_id] => 14
)

2025-09-26 12:28:26 - New messages: 0
2025-09-26 12:28:26 - Response sent: {"success":true,"messages":[]}
2025-09-26 12:28:28 - Start
2025-09-26 12:28:28 - Input: {"action":"get_new_messages","data":{"last_id":14}}
2025-09-26 12:28:28 - Action: get_new_messages
2025-09-26 12:28:28 - Data: Array
(
    [last_id] => 14
)

2025-09-26 12:28:28 - New messages: 0
2025-09-26 12:28:28 - Response sent: {"success":true,"messages":[]}
2025-09-26 12:28:30 - Start
2025-09-26 12:28:30 - Input: {"action":"get_new_messages","data":{"last_id":14}}
2025-09-26 12:28:30 - Action: get_new_messages
2025-09-26 12:28:30 - Data: Array
(
    [last_id] => 14
)

2025-09-26 12:28:30 - New messages: 0
2025-09-26 12:28:30 - Response sent: {"success":true,"messages":[]}
2025-09-26 12:28:32 - Start
2025-09-26 12:28:32 - Input: {"action":"get_new_messages","data":{"last_id":14}}
2025-09-26 12:28:32 - Action: get_new_messages
2025-09-26 12:28:32 - Data: Array
(
    [last_id] => 14
)

2025-09-26 12:28:32 - New messages: 0
2025-09-26 12:28:32 - Response sent: {"success":true,"messages":[]}
2025-09-26 12:28:34 - Start
2025-09-26 12:28:34 - Input: {"action":"get_new_messages","data":{"last_id":14}}
2025-09-26 12:28:34 - Action: get_new_messages
2025-09-26 12:28:34 - Data: Array
(
    [last_id] => 14
)

2025-09-26 12:28:34 - New messages: 0
2025-09-26 12:28:34 - Response sent: {"success":true,"messages":[]}
2025-09-26 12:28:36 - Start
2025-09-26 12:28:36 - Input: {"action":"get_new_messages","data":{"last_id":14}}
2025-09-26 12:28:36 - Action: get_new_messages
2025-09-26 12:28:36 - Data: Array
(
    [last_id] => 14
)

2025-09-26 12:28:36 - New messages: 0
2025-09-26 12:28:36 - Response sent: {"success":true,"messages":[]}
2025-09-26 12:28:38 - Start
2025-09-26 12:28:38 - Input: {"action":"get_new_messages","data":{"last_id":14}}
2025-09-26 12:28:38 - Action: get_new_messages
2025-09-26 12:28:38 - Data: Array
(
    [last_id] => 14
)

2025-09-26 12:28:38 - New messages: 0
2025-09-26 12:28:38 - Response sent: {"success":true,"messages":[]}
2025-09-26 12:28:40 - Start
2025-09-26 12:28:40 - Input: {"action":"get_new_messages","data":{"last_id":14}}
2025-09-26 12:28:40 - Action: get_new_messages
2025-09-26 12:28:40 - Data: Array
(
    [last_id] => 14
)

2025-09-26 12:28:40 - New messages: 0
2025-09-26 12:28:40 - Response sent: {"success":true,"messages":[]}
2025-09-26 12:28:42 - Start
2025-09-26 12:28:42 - Input: {"action":"get_new_messages","data":{"last_id":14}}
2025-09-26 12:28:42 - Action: get_new_messages
2025-09-26 12:28:42 - Data: Array
(
    [last_id] => 14
)

2025-09-26 12:28:42 - New messages: 0
2025-09-26 12:28:42 - Response sent: {"success":true,"messages":[]}
2025-09-26 12:28:44 - Start
2025-09-26 12:28:44 - Input: {"action":"get_new_messages","data":{"last_id":14}}
2025-09-26 12:28:44 - Action: get_new_messages
2025-09-26 12:28:44 - Data: Array
(
    [last_id] => 14
)

2025-09-26 12:28:44 - New messages: 0
2025-09-26 12:28:44 - Response sent: {"success":true,"messages":[]}
2025-09-26 12:28:46 - Start
2025-09-26 12:28:46 - Input: {"action":"get_new_messages","data":{"last_id":14}}
2025-09-26 12:28:46 - Action: get_new_messages
2025-09-26 12:28:46 - Data: Array
(
    [last_id] => 14
)

2025-09-26 12:28:46 - New messages: 0
2025-09-26 12:28:46 - Response sent: {"success":true,"messages":[]}
2025-09-26 12:28:48 - Start
2025-09-26 12:28:48 - Input: {"action":"get_new_messages","data":{"last_id":14}}
2025-09-26 12:28:48 - Action: get_new_messages
2025-09-26 12:28:48 - Data: Array
(
    [last_id] => 14
)

2025-09-26 12:28:48 - New messages: 0
2025-09-26 12:28:48 - Response sent: {"success":true,"messages":[]}
2025-09-26 12:28:50 - Start
2025-09-26 12:28:50 - Input: {"action":"get_new_messages","data":{"last_id":14}}
2025-09-26 12:28:50 - Action: get_new_messages
2025-09-26 12:28:50 - Data: Array
(
    [last_id] => 14
)

2025-09-26 12:28:50 - New messages: 0
2025-09-26 12:28:50 - Response sent: {"success":true,"messages":[]}
2025-09-26 12:28:52 - Start
2025-09-26 12:28:52 - Input: {"action":"get_new_messages","data":{"last_id":14}}
2025-09-26 12:28:52 - Action: get_new_messages
2025-09-26 12:28:52 - Data: Array
(
    [last_id] => 14
)

2025-09-26 12:28:52 - New messages: 0
2025-09-26 12:28:52 - Response sent: {"success":true,"messages":[]}
2025-09-26 12:28:54 - Start
2025-09-26 12:28:54 - Input: {"action":"get_new_messages","data":{"last_id":14}}
2025-09-26 12:28:54 - Action: get_new_messages
2025-09-26 12:28:54 - Data: Array
(
    [last_id] => 14
)

2025-09-26 12:28:54 - New messages: 0
2025-09-26 12:28:54 - Response sent: {"success":true,"messages":[]}
2025-09-26 12:28:56 - Start
2025-09-26 12:28:56 - Input: {"action":"get_new_messages","data":{"last_id":14}}
2025-09-26 12:28:56 - Action: get_new_messages
2025-09-26 12:28:56 - Data: Array
(
    [last_id] => 14
)

2025-09-26 12:28:56 - New messages: 0
2025-09-26 12:28:56 - Response sent: {"success":true,"messages":[]}
2025-09-26 12:28:58 - Start
2025-09-26 12:28:58 - Input: {"action":"get_new_messages","data":{"last_id":14}}
2025-09-26 12:28:58 - Action: get_new_messages
2025-09-26 12:28:58 - Data: Array
(
    [last_id] => 14
)

2025-09-26 12:28:58 - New messages: 0
2025-09-26 12:28:58 - Response sent: {"success":true,"messages":[]}
2025-09-26 12:29:00 - Start
2025-09-26 12:29:00 - Input: {"action":"get_new_messages","data":{"last_id":14}}
2025-09-26 12:29:00 - Action: get_new_messages
2025-09-26 12:29:00 - Data: Array
(
    [last_id] => 14
)

2025-09-26 12:29:00 - New messages: 0
2025-09-26 12:29:00 - Response sent: {"success":true,"messages":[]}
2025-09-26 12:29:02 - Start
2025-09-26 12:29:02 - Input: {"action":"get_new_messages","data":{"last_id":14}}
2025-09-26 12:29:02 - Action: get_new_messages
2025-09-26 12:29:02 - Data: Array
(
    [last_id] => 14
)

2025-09-26 12:29:02 - New messages: 0
2025-09-26 12:29:02 - Response sent: {"success":true,"messages":[]}
2025-09-26 12:29:04 - Start
2025-09-26 12:29:04 - Input: {"action":"get_new_messages","data":{"last_id":14}}
2025-09-26 12:29:04 - Action: get_new_messages
2025-09-26 12:29:04 - Data: Array
(
    [last_id] => 14
)

2025-09-26 12:29:04 - New messages: 0
2025-09-26 12:29:04 - Response sent: {"success":true,"messages":[]}
2025-09-26 12:29:06 - Start
2025-09-26 12:29:06 - Input: {"action":"get_new_messages","data":{"last_id":14}}
2025-09-26 12:29:06 - Action: get_new_messages
2025-09-26 12:29:06 - Data: Array
(
    [last_id] => 14
)

2025-09-26 12:29:06 - New messages: 0
2025-09-26 12:29:06 - Response sent: {"success":true,"messages":[]}
2025-09-26 12:29:08 - Start
2025-09-26 12:29:08 - Input: {"action":"get_new_messages","data":{"last_id":14}}
2025-09-26 12:29:08 - Action: get_new_messages
2025-09-26 12:29:08 - Data: Array
(
    [last_id] => 14
)

2025-09-26 12:29:08 - New messages: 0
2025-09-26 12:29:08 - Response sent: {"success":true,"messages":[]}
2025-09-26 12:29:10 - Start
2025-09-26 12:29:10 - Input: {"action":"get_new_messages","data":{"last_id":14}}
2025-09-26 12:29:10 - Action: get_new_messages
2025-09-26 12:29:10 - Data: Array
(
    [last_id] => 14
)

2025-09-26 12:29:10 - New messages: 0
2025-09-26 12:29:10 - Response sent: {"success":true,"messages":[]}
2025-09-26 12:29:12 - Start
2025-09-26 12:29:12 - Input: {"action":"get_new_messages","data":{"last_id":14}}
2025-09-26 12:29:12 - Action: get_new_messages
2025-09-26 12:29:12 - Data: Array
(
    [last_id] => 14
)

2025-09-26 12:29:12 - New messages: 0
2025-09-26 12:29:12 - Response sent: {"success":true,"messages":[]}
2025-09-26 12:29:14 - Start
2025-09-26 12:29:14 - Input: {"action":"get_new_messages","data":{"last_id":14}}
2025-09-26 12:29:14 - Action: get_new_messages
2025-09-26 12:29:14 - Data: Array
(
    [last_id] => 14
)

2025-09-26 12:29:14 - New messages: 0
2025-09-26 12:29:14 - Response sent: {"success":true,"messages":[]}
2025-09-26 12:29:16 - Start
2025-09-26 12:29:16 - Input: {"action":"get_new_messages","data":{"last_id":14}}
2025-09-26 12:29:16 - Action: get_new_messages
2025-09-26 12:29:16 - Data: Array
(
    [last_id] => 14
)

2025-09-26 12:29:16 - New messages: 0
2025-09-26 12:29:16 - Response sent: {"success":true,"messages":[]}
2025-09-26 12:29:18 - Start
2025-09-26 12:29:18 - Input: {"action":"get_new_messages","data":{"last_id":14}}
2025-09-26 12:29:18 - Action: get_new_messages
2025-09-26 12:29:18 - Data: Array
(
    [last_id] => 14
)

2025-09-26 12:29:18 - New messages: 0
2025-09-26 12:29:18 - Response sent: {"success":true,"messages":[]}
2025-09-26 12:29:20 - Start
2025-09-26 12:29:20 - Input: {"action":"get_new_messages","data":{"last_id":14}}
2025-09-26 12:29:20 - Action: get_new_messages
2025-09-26 12:29:20 - Data: Array
(
    [last_id] => 14
)

2025-09-26 12:29:20 - New messages: 0
2025-09-26 12:29:20 - Response sent: {"success":true,"messages":[]}
2025-09-26 12:29:22 - Start
2025-09-26 12:29:22 - Input: {"action":"get_new_messages","data":{"last_id":14}}
2025-09-26 12:29:22 - Action: get_new_messages
2025-09-26 12:29:22 - Data: Array
(
    [last_id] => 14
)

2025-09-26 12:29:22 - New messages: 0
2025-09-26 12:29:22 - Response sent: {"success":true,"messages":[]}
2025-09-26 12:29:24 - Start
2025-09-26 12:29:24 - Input: {"action":"get_new_messages","data":{"last_id":14}}
2025-09-26 12:29:24 - Action: get_new_messages
2025-09-26 12:29:24 - Data: Array
(
    [last_id] => 14
)

2025-09-26 12:29:24 - New messages: 0
2025-09-26 12:29:24 - Response sent: {"success":true,"messages":[]}
2025-09-26 12:29:26 - Start
2025-09-26 12:29:26 - Input: {"action":"get_new_messages","data":{"last_id":14}}
2025-09-26 12:29:26 - Action: get_new_messages
2025-09-26 12:29:26 - Data: Array
(
    [last_id] => 14
)

2025-09-26 12:29:26 - New messages: 0
2025-09-26 12:29:26 - Response sent: {"success":true,"messages":[]}
2025-09-26 12:29:28 - Start
2025-09-26 12:29:28 - Input: {"action":"get_new_messages","data":{"last_id":14}}
2025-09-26 12:29:28 - Action: get_new_messages
2025-09-26 12:29:28 - Data: Array
(
    [last_id] => 14
)

2025-09-26 12:29:28 - New messages: 0
2025-09-26 12:29:28 - Response sent: {"success":true,"messages":[]}
2025-09-26 12:29:30 - Start
2025-09-26 12:29:30 - Input: {"action":"get_new_messages","data":{"last_id":14}}
2025-09-26 12:29:30 - Action: get_new_messages
2025-09-26 12:29:30 - Data: Array
(
    [last_id] => 14
)

2025-09-26 12:29:30 - New messages: 0
2025-09-26 12:29:30 - Response sent: {"success":true,"messages":[]}
2025-09-26 12:29:32 - Start
2025-09-26 12:29:32 - Input: {"action":"get_new_messages","data":{"last_id":14}}
2025-09-26 12:29:32 - Action: get_new_messages
2025-09-26 12:29:32 - Data: Array
(
    [last_id] => 14
)

2025-09-26 12:29:32 - New messages: 0
2025-09-26 12:29:32 - Response sent: {"success":true,"messages":[]}
2025-09-26 12:29:34 - Start
2025-09-26 12:29:34 - Input: {"action":"get_new_messages","data":{"last_id":14}}
2025-09-26 12:29:34 - Action: get_new_messages
2025-09-26 12:29:34 - Data: Array
(
    [last_id] => 14
)

2025-09-26 12:29:34 - New messages: 0
2025-09-26 12:29:34 - Response sent: {"success":true,"messages":[]}
2025-09-26 12:29:36 - Start
2025-09-26 12:29:36 - Input: {"action":"get_new_messages","data":{"last_id":14}}
2025-09-26 12:29:36 - Action: get_new_messages
2025-09-26 12:29:36 - Data: Array
(
    [last_id] => 14
)

2025-09-26 12:29:36 - New messages: 0
2025-09-26 12:29:36 - Response sent: {"success":true,"messages":[]}
2025-09-26 12:29:38 - Start
2025-09-26 12:29:38 - Input: {"action":"get_new_messages","data":{"last_id":14}}
2025-09-26 12:29:38 - Action: get_new_messages
2025-09-26 12:29:38 - Data: Array
(
    [last_id] => 14
)

2025-09-26 12:29:38 - New messages: 0
2025-09-26 12:29:38 - Response sent: {"success":true,"messages":[]}
2025-09-26 12:29:40 - Start
2025-09-26 12:29:40 - Input: {"action":"get_new_messages","data":{"last_id":14}}
2025-09-26 12:29:40 - Action: get_new_messages
2025-09-26 12:29:40 - Data: Array
(
    [last_id] => 14
)

2025-09-26 12:29:40 - New messages: 0
2025-09-26 12:29:40 - Response sent: {"success":true,"messages":[]}
2025-09-26 12:29:42 - Start
2025-09-26 12:29:42 - Input: {"action":"get_new_messages","data":{"last_id":14}}
2025-09-26 12:29:42 - Action: get_new_messages
2025-09-26 12:29:42 - Data: Array
(
    [last_id] => 14
)

2025-09-26 12:29:42 - New messages: 0
2025-09-26 12:29:42 - Response sent: {"success":true,"messages":[]}
2025-09-26 12:29:44 - Start
2025-09-26 12:29:44 - Input: {"action":"get_new_messages","data":{"last_id":14}}
2025-09-26 12:29:44 - Action: get_new_messages
2025-09-26 12:29:44 - Data: Array
(
    [last_id] => 14
)

2025-09-26 12:29:44 - New messages: 0
2025-09-26 12:29:44 - Response sent: {"success":true,"messages":[]}
2025-09-26 12:29:46 - Start
2025-09-26 12:29:46 - Input: {"action":"get_new_messages","data":{"last_id":14}}
2025-09-26 12:29:46 - Action: get_new_messages
2025-09-26 12:29:46 - Data: Array
(
    [last_id] => 14
)

2025-09-26 12:29:46 - New messages: 0
2025-09-26 12:29:46 - Response sent: {"success":true,"messages":[]}
2025-09-26 12:29:48 - Start
2025-09-26 12:29:48 - Input: {"action":"get_new_messages","data":{"last_id":14}}
2025-09-26 12:29:48 - Action: get_new_messages
2025-09-26 12:29:48 - Data: Array
(
    [last_id] => 14
)

2025-09-26 12:29:48 - New messages: 0
2025-09-26 12:29:48 - Response sent: {"success":true,"messages":[]}
2025-09-26 12:29:50 - Start
2025-09-26 12:29:50 - Input: {"action":"get_new_messages","data":{"last_id":14}}
2025-09-26 12:29:50 - Action: get_new_messages
2025-09-26 12:29:50 - Data: Array
(
    [last_id] => 14
)

2025-09-26 12:29:50 - New messages: 0
2025-09-26 12:29:50 - Response sent: {"success":true,"messages":[]}
2025-09-26 12:29:52 - Start
2025-09-26 12:29:52 - Input: {"action":"get_new_messages","data":{"last_id":14}}
2025-09-26 12:29:52 - Action: get_new_messages
2025-09-26 12:29:52 - Data: Array
(
    [last_id] => 14
)

2025-09-26 12:29:52 - New messages: 0
2025-09-26 12:29:52 - Response sent: {"success":true,"messages":[]}
2025-09-26 12:29:54 - Start
2025-09-26 12:29:54 - Input: {"action":"get_new_messages","data":{"last_id":14}}
2025-09-26 12:29:54 - Action: get_new_messages
2025-09-26 12:29:54 - Data: Array
(
    [last_id] => 14
)

2025-09-26 12:29:54 - New messages: 0
2025-09-26 12:29:54 - Response sent: {"success":true,"messages":[]}
2025-09-26 12:29:56 - Start
2025-09-26 12:29:56 - Input: {"action":"get_new_messages","data":{"last_id":14}}
2025-09-26 12:29:56 - Action: get_new_messages
2025-09-26 12:29:56 - Data: Array
(
    [last_id] => 14
)

2025-09-26 12:29:56 - New messages: 0
2025-09-26 12:29:56 - Response sent: {"success":true,"messages":[]}
2025-09-26 12:29:58 - Start
2025-09-26 12:29:58 - Input: {"action":"get_new_messages","data":{"last_id":14}}
2025-09-26 12:29:58 - Action: get_new_messages
2025-09-26 12:29:58 - Data: Array
(
    [last_id] => 14
)

2025-09-26 12:29:58 - New messages: 0
2025-09-26 12:29:58 - Response sent: {"success":true,"messages":[]}
2025-09-26 12:30:00 - Start
2025-09-26 12:30:00 - Input: {"action":"get_new_messages","data":{"last_id":14}}
2025-09-26 12:30:00 - Action: get_new_messages
2025-09-26 12:30:00 - Data: Array
(
    [last_id] => 14
)

2025-09-26 12:30:00 - New messages: 0
2025-09-26 12:30:00 - Response sent: {"success":true,"messages":[]}
2025-09-26 12:30:02 - Start
2025-09-26 12:30:02 - Input: {"action":"get_new_messages","data":{"last_id":14}}
2025-09-26 12:30:02 - Action: get_new_messages
2025-09-26 12:30:02 - Data: Array
(
    [last_id] => 14
)

2025-09-26 12:30:02 - New messages: 0
2025-09-26 12:30:02 - Response sent: {"success":true,"messages":[]}
2025-09-26 12:30:04 - Start
2025-09-26 12:30:04 - Input: {"action":"get_new_messages","data":{"last_id":14}}
2025-09-26 12:30:04 - Action: get_new_messages
2025-09-26 12:30:04 - Data: Array
(
    [last_id] => 14
)

2025-09-26 12:30:04 - New messages: 0
2025-09-26 12:30:04 - Response sent: {"success":true,"messages":[]}
2025-09-26 12:30:06 - Start
2025-09-26 12:30:06 - Input: {"action":"get_new_messages","data":{"last_id":14}}
2025-09-26 12:30:06 - Action: get_new_messages
2025-09-26 12:30:06 - Data: Array
(
    [last_id] => 14
)

2025-09-26 12:30:06 - New messages: 0
2025-09-26 12:30:06 - Response sent: {"success":true,"messages":[]}
2025-09-26 12:30:08 - Start
2025-09-26 12:30:08 - Input: {"action":"get_new_messages","data":{"last_id":14}}
2025-09-26 12:30:08 - Action: get_new_messages
2025-09-26 12:30:08 - Data: Array
(
    [last_id] => 14
)

2025-09-26 12:30:08 - New messages: 0
2025-09-26 12:30:08 - Response sent: {"success":true,"messages":[]}
2025-09-26 12:30:10 - Start
2025-09-26 12:30:10 - Input: {"action":"get_new_messages","data":{"last_id":14}}
2025-09-26 12:30:10 - Action: get_new_messages
2025-09-26 12:30:10 - Data: Array
(
    [last_id] => 14
)

2025-09-26 12:30:10 - New messages: 0
2025-09-26 12:30:10 - Response sent: {"success":true,"messages":[]}
2025-09-26 12:30:12 - Start
2025-09-26 12:30:12 - Input: {"action":"get_new_messages","data":{"last_id":14}}
2025-09-26 12:30:12 - Action: get_new_messages
2025-09-26 12:30:12 - Data: Array
(
    [last_id] => 14
)

2025-09-26 12:30:12 - New messages: 0
2025-09-26 12:30:12 - Response sent: {"success":true,"messages":[]}
2025-09-26 12:30:14 - Start
2025-09-26 12:30:14 - Input: {"action":"get_new_messages","data":{"last_id":14}}
2025-09-26 12:30:14 - Action: get_new_messages
2025-09-26 12:30:14 - Data: Array
(
    [last_id] => 14
)

2025-09-26 12:30:14 - New messages: 0
2025-09-26 12:30:14 - Response sent: {"success":true,"messages":[]}
2025-09-26 12:30:16 - Start
2025-09-26 12:30:16 - Input: {"action":"get_new_messages","data":{"last_id":14}}
2025-09-26 12:30:16 - Action: get_new_messages
2025-09-26 12:30:16 - Data: Array
(
    [last_id] => 14
)

2025-09-26 12:30:16 - New messages: 0
2025-09-26 12:30:16 - Response sent: {"success":true,"messages":[]}
2025-09-26 12:30:18 - Start
2025-09-26 12:30:18 - Input: {"action":"get_new_messages","data":{"last_id":14}}
2025-09-26 12:30:18 - Action: get_new_messages
2025-09-26 12:30:18 - Data: Array
(
    [last_id] => 14
)

2025-09-26 12:30:18 - New messages: 0
2025-09-26 12:30:18 - Response sent: {"success":true,"messages":[]}
2025-09-26 12:30:20 - Start
2025-09-26 12:30:20 - Input: {"action":"get_new_messages","data":{"last_id":14}}
2025-09-26 12:30:20 - Action: get_new_messages
2025-09-26 12:30:20 - Data: Array
(
    [last_id] => 14
)

2025-09-26 12:30:20 - New messages: 0
2025-09-26 12:30:20 - Response sent: {"success":true,"messages":[]}
2025-09-26 12:30:22 - Start
2025-09-26 12:30:22 - Input: {"action":"get_new_messages","data":{"last_id":14}}
2025-09-26 12:30:22 - Action: get_new_messages
2025-09-26 12:30:22 - Data: Array
(
    [last_id] => 14
)

2025-09-26 12:30:22 - New messages: 0
2025-09-26 12:30:22 - Response sent: {"success":true,"messages":[]}
2025-09-26 12:30:24 - Start
2025-09-26 12:30:24 - Input: {"action":"get_new_messages","data":{"last_id":14}}
2025-09-26 12:30:24 - Action: get_new_messages
2025-09-26 12:30:24 - Data: Array
(
    [last_id] => 14
)

2025-09-26 12:30:24 - New messages: 0
2025-09-26 12:30:24 - Response sent: {"success":true,"messages":[]}
2025-09-26 12:30:26 - Start
2025-09-26 12:30:26 - Input: {"action":"get_new_messages","data":{"last_id":14}}
2025-09-26 12:30:26 - Action: get_new_messages
2025-09-26 12:30:26 - Data: Array
(
    [last_id] => 14
)

2025-09-26 12:30:26 - New messages: 0
2025-09-26 12:30:26 - Response sent: {"success":true,"messages":[]}
2025-09-26 12:30:28 - Start
2025-09-26 12:30:28 - Input: {"action":"get_new_messages","data":{"last_id":14}}
2025-09-26 12:30:28 - Action: get_new_messages
2025-09-26 12:30:28 - Data: Array
(
    [last_id] => 14
)

2025-09-26 12:30:28 - New messages: 0
2025-09-26 12:30:28 - Response sent: {"success":true,"messages":[]}
2025-09-26 12:30:30 - Start
2025-09-26 12:30:30 - Input: {"action":"get_new_messages","data":{"last_id":14}}
2025-09-26 12:30:30 - Action: get_new_messages
2025-09-26 12:30:30 - Data: Array
(
    [last_id] => 14
)

2025-09-26 12:30:30 - New messages: 0
2025-09-26 12:30:30 - Response sent: {"success":true,"messages":[]}
2025-09-26 12:30:32 - Start
2025-09-26 12:30:32 - Input: {"action":"get_new_messages","data":{"last_id":14}}
2025-09-26 12:30:32 - Action: get_new_messages
2025-09-26 12:30:32 - Data: Array
(
    [last_id] => 14
)

2025-09-26 12:30:32 - New messages: 0
2025-09-26 12:30:32 - Response sent: {"success":true,"messages":[]}
2025-09-26 12:31:14 - Start
2025-09-26 12:31:14 - Input: {"action":"get_new_messages","data":{"last_id":14}}
2025-09-26 12:31:14 - Action: get_new_messages
2025-09-26 12:31:14 - Data: Array
(
    [last_id] => 14
)

2025-09-26 12:31:14 - New messages: 0
2025-09-26 12:31:14 - Response sent: {"success":true,"messages":[]}
2025-09-26 12:31:32 - Start
2025-09-26 12:31:32 - Input: {"action":"get_new_messages","data":{"last_id":14}}
2025-09-26 12:31:32 - Action: get_new_messages
2025-09-26 12:31:32 - Data: Array
(
    [last_id] => 14
)

2025-09-26 12:31:32 - New messages: 0
2025-09-26 12:31:32 - Response sent: {"success":true,"messages":[]}
2025-09-26 12:31:34 - Start
2025-09-26 12:31:34 - Input: {"action":"get_new_messages","data":{"last_id":14}}
2025-09-26 12:31:34 - Action: get_new_messages
2025-09-26 12:31:34 - Data: Array
(
    [last_id] => 14
)

2025-09-26 12:31:34 - New messages: 0
2025-09-26 12:31:34 - Response sent: {"success":true,"messages":[]}
2025-09-26 12:31:36 - Start
2025-09-26 12:31:36 - Input: {"action":"get_new_messages","data":{"last_id":14}}
2025-09-26 12:31:36 - Action: get_new_messages
2025-09-26 12:31:36 - Data: Array
(
    [last_id] => 14
)

2025-09-26 12:31:36 - New messages: 0
2025-09-26 12:31:36 - Response sent: {"success":true,"messages":[]}
2025-09-26 12:31:38 - Start
2025-09-26 12:31:38 - Input: {"action":"get_new_messages","data":{"last_id":14}}
2025-09-26 12:31:38 - Action: get_new_messages
2025-09-26 12:31:38 - Data: Array
(
    [last_id] => 14
)

2025-09-26 12:31:38 - New messages: 0
2025-09-26 12:31:38 - Response sent: {"success":true,"messages":[]}
2025-09-26 12:31:40 - Start
2025-09-26 12:31:40 - Input: {"action":"get_new_messages","data":{"last_id":14}}
2025-09-26 12:31:40 - Action: get_new_messages
2025-09-26 12:31:40 - Data: Array
(
    [last_id] => 14
)

2025-09-26 12:31:40 - New messages: 0
2025-09-26 12:31:40 - Response sent: {"success":true,"messages":[]}
2025-09-26 12:31:42 - Start
2025-09-26 12:31:42 - Input: {"action":"get_new_messages","data":{"last_id":14}}
2025-09-26 12:31:42 - Action: get_new_messages
2025-09-26 12:31:42 - Data: Array
(
    [last_id] => 14
)

2025-09-26 12:31:42 - New messages: 0
2025-09-26 12:31:42 - Response sent: {"success":true,"messages":[]}
2025-09-26 12:31:44 - Start
2025-09-26 12:31:44 - Input: {"action":"get_new_messages","data":{"last_id":14}}
2025-09-26 12:31:44 - Action: get_new_messages
2025-09-26 12:31:44 - Data: Array
(
    [last_id] => 14
)

2025-09-26 12:31:44 - New messages: 0
2025-09-26 12:31:44 - Response sent: {"success":true,"messages":[]}
2025-09-26 12:31:46 - Start
2025-09-26 12:31:46 - Input: {"action":"get_new_messages","data":{"last_id":14}}
2025-09-26 12:31:46 - Action: get_new_messages
2025-09-26 12:31:46 - Data: Array
(
    [last_id] => 14
)

2025-09-26 12:31:46 - New messages: 0
2025-09-26 12:31:46 - Response sent: {"success":true,"messages":[]}
2025-09-26 12:31:48 - Start
2025-09-26 12:31:48 - Input: {"action":"get_new_messages","data":{"last_id":14}}
2025-09-26 12:31:48 - Action: get_new_messages
2025-09-26 12:31:48 - Data: Array
(
    [last_id] => 14
)

2025-09-26 12:31:48 - New messages: 0
2025-09-26 12:31:48 - Response sent: {"success":true,"messages":[]}
2025-09-26 12:31:50 - Start
2025-09-26 12:31:50 - Input: {"action":"get_new_messages","data":{"last_id":14}}
2025-09-26 12:31:50 - Action: get_new_messages
2025-09-26 12:31:50 - Data: Array
(
    [last_id] => 14
)

2025-09-26 12:31:50 - New messages: 0
2025-09-26 12:31:50 - Response sent: {"success":true,"messages":[]}
2025-09-26 12:31:52 - Start
2025-09-26 12:31:52 - Input: {"action":"get_new_messages","data":{"last_id":14}}
2025-09-26 12:31:52 - Action: get_new_messages
2025-09-26 12:31:52 - Data: Array
(
    [last_id] => 14
)

2025-09-26 12:31:52 - New messages: 0
2025-09-26 12:31:52 - Response sent: {"success":true,"messages":[]}
2025-09-26 12:31:54 - Start
2025-09-26 12:31:54 - Input: {"action":"get_new_messages","data":{"last_id":14}}
2025-09-26 12:31:54 - Action: get_new_messages
2025-09-26 12:31:54 - Data: Array
(
    [last_id] => 14
)

2025-09-26 12:31:54 - New messages: 0
2025-09-26 12:31:54 - Response sent: {"success":true,"messages":[]}
2025-09-26 12:31:56 - Start
2025-09-26 12:31:56 - Input: {"action":"get_new_messages","data":{"last_id":14}}
2025-09-26 12:31:56 - Action: get_new_messages
2025-09-26 12:31:56 - Data: Array
(
    [last_id] => 14
)

2025-09-26 12:31:56 - New messages: 0
2025-09-26 12:31:56 - Response sent: {"success":true,"messages":[]}
2025-09-26 12:31:58 - Start
2025-09-26 12:31:58 - Input: {"action":"get_new_messages","data":{"last_id":14}}
2025-09-26 12:31:58 - Action: get_new_messages
2025-09-26 12:31:58 - Data: Array
(
    [last_id] => 14
)

2025-09-26 12:31:58 - New messages: 0
2025-09-26 12:31:58 - Response sent: {"success":true,"messages":[]}
2025-09-26 12:32:00 - Start
2025-09-26 12:32:00 - Input: {"action":"get_new_messages","data":{"last_id":14}}
2025-09-26 12:32:00 - Action: get_new_messages
2025-09-26 12:32:00 - Data: Array
(
    [last_id] => 14
)

2025-09-26 12:32:00 - New messages: 0
2025-09-26 12:32:00 - Response sent: {"success":true,"messages":[]}
2025-09-26 12:32:02 - Start
2025-09-26 12:32:02 - Input: {"action":"get_new_messages","data":{"last_id":14}}
2025-09-26 12:32:02 - Action: get_new_messages
2025-09-26 12:32:02 - Data: Array
(
    [last_id] => 14
)

2025-09-26 12:32:02 - New messages: 0
2025-09-26 12:32:02 - Response sent: {"success":true,"messages":[]}
2025-09-26 12:32:04 - Start
2025-09-26 12:32:04 - Input: {"action":"get_new_messages","data":{"last_id":14}}
2025-09-26 12:32:04 - Action: get_new_messages
2025-09-26 12:32:04 - Data: Array
(
    [last_id] => 14
)

2025-09-26 12:32:04 - New messages: 0
2025-09-26 12:32:04 - Response sent: {"success":true,"messages":[]}
2025-09-26 12:32:06 - Start
2025-09-26 12:32:06 - Input: {"action":"get_new_messages","data":{"last_id":14}}
2025-09-26 12:32:06 - Action: get_new_messages
2025-09-26 12:32:06 - Data: Array
(
    [last_id] => 14
)

2025-09-26 12:32:06 - New messages: 0
2025-09-26 12:32:06 - Response sent: {"success":true,"messages":[]}
2025-09-26 12:32:08 - Start
2025-09-26 12:32:08 - Input: {"action":"get_new_messages","data":{"last_id":14}}
2025-09-26 12:32:08 - Action: get_new_messages
2025-09-26 12:32:08 - Data: Array
(
    [last_id] => 14
)

2025-09-26 12:32:08 - New messages: 0
2025-09-26 12:32:08 - Response sent: {"success":true,"messages":[]}
2025-09-26 12:32:10 - Start
2025-09-26 12:32:10 - Input: {"action":"get_new_messages","data":{"last_id":14}}
2025-09-26 12:32:10 - Action: get_new_messages
2025-09-26 12:32:10 - Data: Array
(
    [last_id] => 14
)

2025-09-26 12:32:10 - New messages: 0
2025-09-26 12:32:10 - Response sent: {"success":true,"messages":[]}
2025-09-26 12:32:12 - Start
2025-09-26 12:32:12 - Input: {"action":"get_new_messages","data":{"last_id":14}}
2025-09-26 12:32:12 - Action: get_new_messages
2025-09-26 12:32:12 - Data: Array
(
    [last_id] => 14
)

2025-09-26 12:32:12 - New messages: 0
2025-09-26 12:32:12 - Response sent: {"success":true,"messages":[]}
2025-09-26 12:32:14 - Start
2025-09-26 12:32:14 - Input: {"action":"get_new_messages","data":{"last_id":14}}
2025-09-26 12:32:14 - Action: get_new_messages
2025-09-26 12:32:14 - Data: Array
(
    [last_id] => 14
)

2025-09-26 12:32:14 - New messages: 0
2025-09-26 12:32:14 - Response sent: {"success":true,"messages":[]}
2025-09-26 12:32:16 - Start
2025-09-26 12:32:16 - Input: {"action":"get_new_messages","data":{"last_id":14}}
2025-09-26 12:32:16 - Action: get_new_messages
2025-09-26 12:32:16 - Data: Array
(
    [last_id] => 14
)

2025-09-26 12:32:16 - New messages: 0
2025-09-26 12:32:16 - Response sent: {"success":true,"messages":[]}
2025-09-26 12:32:18 - Start
2025-09-26 12:32:18 - Input: {"action":"get_new_messages","data":{"last_id":14}}
2025-09-26 12:32:18 - Action: get_new_messages
2025-09-26 12:32:18 - Data: Array
(
    [last_id] => 14
)

2025-09-26 12:32:18 - New messages: 0
2025-09-26 12:32:18 - Response sent: {"success":true,"messages":[]}
2025-09-26 12:32:20 - Start
2025-09-26 12:32:20 - Input: {"action":"get_new_messages","data":{"last_id":14}}
2025-09-26 12:32:20 - Action: get_new_messages
2025-09-26 12:32:20 - Data: Array
(
    [last_id] => 14
)

2025-09-26 12:32:20 - New messages: 0
2025-09-26 12:32:20 - Response sent: {"success":true,"messages":[]}
2025-09-26 12:32:22 - Start
2025-09-26 12:32:22 - Input: {"action":"get_new_messages","data":{"last_id":14}}
2025-09-26 12:32:22 - Action: get_new_messages
2025-09-26 12:32:22 - Data: Array
(
    [last_id] => 14
)

2025-09-26 12:32:22 - New messages: 0
2025-09-26 12:32:22 - Response sent: {"success":true,"messages":[]}
2025-09-26 12:32:24 - Start
2025-09-26 12:32:24 - Input: {"action":"get_new_messages","data":{"last_id":14}}
2025-09-26 12:32:24 - Action: get_new_messages
2025-09-26 12:32:24 - Data: Array
(
    [last_id] => 14
)

2025-09-26 12:32:24 - New messages: 0
2025-09-26 12:32:24 - Response sent: {"success":true,"messages":[]}
2025-09-26 12:32:26 - Start
2025-09-26 12:32:26 - Input: {"action":"get_new_messages","data":{"last_id":14}}
2025-09-26 12:32:26 - Action: get_new_messages
2025-09-26 12:32:26 - Data: Array
(
    [last_id] => 14
)

2025-09-26 12:32:26 - New messages: 0
2025-09-26 12:32:26 - Response sent: {"success":true,"messages":[]}
2025-09-26 12:32:28 - Start
2025-09-26 12:32:28 - Input: {"action":"get_new_messages","data":{"last_id":14}}
2025-09-26 12:32:28 - Action: get_new_messages
2025-09-26 12:32:28 - Data: Array
(
    [last_id] => 14
)

2025-09-26 12:32:28 - New messages: 0
2025-09-26 12:32:28 - Response sent: {"success":true,"messages":[]}
2025-09-26 12:32:30 - Start
2025-09-26 12:32:30 - Input: {"action":"get_new_messages","data":{"last_id":14}}
2025-09-26 12:32:30 - Action: get_new_messages
2025-09-26 12:32:30 - Data: Array
(
    [last_id] => 14
)

2025-09-26 12:32:30 - New messages: 0
2025-09-26 12:32:30 - Response sent: {"success":true,"messages":[]}
2025-09-26 12:32:32 - Start
2025-09-26 12:32:32 - Input: {"action":"get_new_messages","data":{"last_id":14}}
2025-09-26 12:32:32 - Action: get_new_messages
2025-09-26 12:32:32 - Data: Array
(
    [last_id] => 14
)

2025-09-26 12:32:32 - New messages: 0
2025-09-26 12:32:32 - Response sent: {"success":true,"messages":[]}
2025-09-26 12:33:14 - Start
2025-09-26 12:33:14 - Input: {"action":"get_new_messages","data":{"last_id":14}}
2025-09-26 12:33:14 - Action: get_new_messages
2025-09-26 12:33:14 - Data: Array
(
    [last_id] => 14
)

2025-09-26 12:33:14 - New messages: 0
2025-09-26 12:33:14 - Response sent: {"success":true,"messages":[]}
2025-09-26 12:34:14 - Start
2025-09-26 12:34:14 - Input: {"action":"get_new_messages","data":{"last_id":14}}
2025-09-26 12:34:14 - Action: get_new_messages
2025-09-26 12:34:14 - Data: Array
(
    [last_id] => 14
)

2025-09-26 12:34:14 - New messages: 0
2025-09-26 12:34:14 - Response sent: {"success":true,"messages":[]}
2025-09-26 12:35:14 - Start
2025-09-26 12:35:14 - Input: {"action":"get_new_messages","data":{"last_id":14}}
2025-09-26 12:35:14 - Action: get_new_messages
2025-09-26 12:35:14 - Data: Array
(
    [last_id] => 14
)

2025-09-26 12:35:14 - New messages: 0
2025-09-26 12:35:14 - Response sent: {"success":true,"messages":[]}
2025-09-26 12:35:31 - Start
2025-09-26 12:35:31 - Input: {"action":"get_new_messages","data":{"last_id":14}}
2025-09-26 12:35:31 - Action: get_new_messages
2025-09-26 12:35:31 - Data: Array
(
    [last_id] => 14
)

2025-09-26 12:35:31 - New messages: 0
2025-09-26 12:35:31 - Response sent: {"success":true,"messages":[]}
2025-09-26 12:35:32 - Start
2025-09-26 12:35:32 - Input: {"action":"get_new_messages","data":{"last_id":14}}
2025-09-26 12:35:32 - Action: get_new_messages
2025-09-26 12:35:32 - Data: Array
(
    [last_id] => 14
)

2025-09-26 12:35:32 - New messages: 0
2025-09-26 12:35:32 - Response sent: {"success":true,"messages":[]}
2025-09-26 12:35:34 - Start
2025-09-26 12:35:34 - Input: {"action":"get_new_messages","data":{"last_id":14}}
2025-09-26 12:35:34 - Action: get_new_messages
2025-09-26 12:35:34 - Data: Array
(
    [last_id] => 14
)

2025-09-26 12:35:34 - New messages: 0
2025-09-26 12:35:34 - Response sent: {"success":true,"messages":[]}
2025-09-26 12:35:36 - Start
2025-09-26 12:35:36 - Input: {"action":"get_new_messages","data":{"last_id":14}}
2025-09-26 12:35:36 - Action: get_new_messages
2025-09-26 12:35:36 - Data: Array
(
    [last_id] => 14
)

2025-09-26 12:35:36 - New messages: 0
2025-09-26 12:35:36 - Response sent: {"success":true,"messages":[]}
2025-09-26 12:35:38 - Start
2025-09-26 12:35:38 - Input: {"action":"get_new_messages","data":{"last_id":14}}
2025-09-26 12:35:38 - Action: get_new_messages
2025-09-26 12:35:38 - Data: Array
(
    [last_id] => 14
)

2025-09-26 12:35:38 - New messages: 0
2025-09-26 12:35:38 - Response sent: {"success":true,"messages":[]}
2025-09-26 12:35:40 - Start
2025-09-26 12:35:40 - Input: {"action":"get_new_messages","data":{"last_id":14}}
2025-09-26 12:35:40 - Action: get_new_messages
2025-09-26 12:35:40 - Data: Array
(
    [last_id] => 14
)

2025-09-26 12:35:40 - New messages: 0
2025-09-26 12:35:40 - Response sent: {"success":true,"messages":[]}
2025-09-26 12:35:42 - Start
2025-09-26 12:35:42 - Input: {"action":"get_new_messages","data":{"last_id":14}}
2025-09-26 12:35:42 - Action: get_new_messages
2025-09-26 12:35:42 - Data: Array
(
    [last_id] => 14
)

2025-09-26 12:35:42 - New messages: 0
2025-09-26 12:35:42 - Response sent: {"success":true,"messages":[]}
2025-09-26 12:35:44 - Start
2025-09-26 12:35:44 - Input: {"action":"get_new_messages","data":{"last_id":14}}
2025-09-26 12:35:44 - Action: get_new_messages
2025-09-26 12:35:44 - Data: Array
(
    [last_id] => 14
)

2025-09-26 12:35:44 - New messages: 0
2025-09-26 12:35:44 - Response sent: {"success":true,"messages":[]}
2025-09-26 12:35:46 - Start
2025-09-26 12:35:46 - Input: {"action":"get_new_messages","data":{"last_id":14}}
2025-09-26 12:35:46 - Action: get_new_messages
2025-09-26 12:35:46 - Data: Array
(
    [last_id] => 14
)

2025-09-26 12:35:46 - New messages: 0
2025-09-26 12:35:46 - Response sent: {"success":true,"messages":[]}
2025-09-26 12:35:48 - Start
2025-09-26 12:35:48 - Input: {"action":"get_new_messages","data":{"last_id":14}}
2025-09-26 12:35:48 - Action: get_new_messages
2025-09-26 12:35:48 - Data: Array
(
    [last_id] => 14
)

2025-09-26 12:35:48 - New messages: 0
2025-09-26 12:35:48 - Response sent: {"success":true,"messages":[]}
2025-09-26 12:35:50 - Start
2025-09-26 12:35:50 - Input: {"action":"get_new_messages","data":{"last_id":14}}
2025-09-26 12:35:50 - Action: get_new_messages
2025-09-26 12:35:50 - Data: Array
(
    [last_id] => 14
)

2025-09-26 12:35:50 - New messages: 0
2025-09-26 12:35:50 - Response sent: {"success":true,"messages":[]}
2025-09-26 12:35:52 - Start
2025-09-26 12:35:52 - Input: {"action":"get_new_messages","data":{"last_id":14}}
2025-09-26 12:35:52 - Action: get_new_messages
2025-09-26 12:35:52 - Data: Array
(
    [last_id] => 14
)

2025-09-26 12:35:52 - New messages: 0
2025-09-26 12:35:52 - Response sent: {"success":true,"messages":[]}
2025-09-26 12:35:54 - Start
2025-09-26 12:35:54 - Input: {"action":"get_new_messages","data":{"last_id":14}}
2025-09-26 12:35:54 - Action: get_new_messages
2025-09-26 12:35:54 - Data: Array
(
    [last_id] => 14
)

2025-09-26 12:35:54 - New messages: 0
2025-09-26 12:35:54 - Response sent: {"success":true,"messages":[]}
2025-09-26 12:35:56 - Start
2025-09-26 12:35:56 - Input: {"action":"get_new_messages","data":{"last_id":14}}
2025-09-26 12:35:56 - Action: get_new_messages
2025-09-26 12:35:56 - Data: Array
(
    [last_id] => 14
)

2025-09-26 12:35:56 - New messages: 0
2025-09-26 12:35:56 - Response sent: {"success":true,"messages":[]}
2025-09-26 12:35:58 - Start
2025-09-26 12:35:58 - Input: {"action":"get_new_messages","data":{"last_id":14}}
2025-09-26 12:35:58 - Action: get_new_messages
2025-09-26 12:35:58 - Data: Array
(
    [last_id] => 14
)

2025-09-26 12:35:58 - New messages: 0
2025-09-26 12:35:58 - Response sent: {"success":true,"messages":[]}
2025-09-26 12:36:00 - Start
2025-09-26 12:36:00 - Input: {"action":"get_new_messages","data":{"last_id":14}}
2025-09-26 12:36:00 - Action: get_new_messages
2025-09-26 12:36:00 - Data: Array
(
    [last_id] => 14
)

2025-09-26 12:36:00 - New messages: 0
2025-09-26 12:36:00 - Response sent: {"success":true,"messages":[]}
2025-09-26 12:36:02 - Start
2025-09-26 12:36:02 - Input: {"action":"get_new_messages","data":{"last_id":14}}
2025-09-26 12:36:02 - Action: get_new_messages
2025-09-26 12:36:02 - Data: Array
(
    [last_id] => 14
)

2025-09-26 12:36:02 - New messages: 0
2025-09-26 12:36:02 - Response sent: {"success":true,"messages":[]}
2025-09-26 12:36:04 - Start
2025-09-26 12:36:04 - Input: {"action":"get_new_messages","data":{"last_id":14}}
2025-09-26 12:36:04 - Action: get_new_messages
2025-09-26 12:36:04 - Data: Array
(
    [last_id] => 14
)

2025-09-26 12:36:04 - New messages: 0
2025-09-26 12:36:04 - Response sent: {"success":true,"messages":[]}
2025-09-26 12:36:06 - Start
2025-09-26 12:36:06 - Input: {"action":"get_new_messages","data":{"last_id":14}}
2025-09-26 12:36:06 - Action: get_new_messages
2025-09-26 12:36:06 - Data: Array
(
    [last_id] => 14
)

2025-09-26 12:36:06 - New messages: 0
2025-09-26 12:36:06 - Response sent: {"success":true,"messages":[]}
2025-09-26 12:36:08 - Start
2025-09-26 12:36:08 - Input: {"action":"get_new_messages","data":{"last_id":14}}
2025-09-26 12:36:08 - Action: get_new_messages
2025-09-26 12:36:08 - Data: Array
(
    [last_id] => 14
)

2025-09-26 12:36:08 - New messages: 0
2025-09-26 12:36:08 - Response sent: {"success":true,"messages":[]}
2025-09-26 12:36:10 - Start
2025-09-26 12:36:10 - Input: {"action":"get_new_messages","data":{"last_id":14}}
2025-09-26 12:36:10 - Action: get_new_messages
2025-09-26 12:36:10 - Data: Array
(
    [last_id] => 14
)

2025-09-26 12:36:10 - New messages: 0
2025-09-26 12:36:10 - Response sent: {"success":true,"messages":[]}
2025-09-26 12:36:12 - Start
2025-09-26 12:36:12 - Input: {"action":"get_new_messages","data":{"last_id":14}}
2025-09-26 12:36:12 - Action: get_new_messages
2025-09-26 12:36:12 - Data: Array
(
    [last_id] => 14
)

2025-09-26 12:36:12 - New messages: 0
2025-09-26 12:36:12 - Response sent: {"success":true,"messages":[]}
2025-09-26 12:36:14 - Start
2025-09-26 12:36:14 - Input: {"action":"get_new_messages","data":{"last_id":14}}
2025-09-26 12:36:14 - Action: get_new_messages
2025-09-26 12:36:14 - Data: Array
(
    [last_id] => 14
)

2025-09-26 12:36:14 - New messages: 0
2025-09-26 12:36:14 - Response sent: {"success":true,"messages":[]}
2025-09-26 12:36:16 - Start
2025-09-26 12:36:16 - Input: {"action":"get_new_messages","data":{"last_id":14}}
2025-09-26 12:36:16 - Action: get_new_messages
2025-09-26 12:36:16 - Data: Array
(
    [last_id] => 14
)

2025-09-26 12:36:16 - New messages: 0
2025-09-26 12:36:16 - Response sent: {"success":true,"messages":[]}
2025-09-26 12:36:18 - Start
2025-09-26 12:36:18 - Input: {"action":"get_new_messages","data":{"last_id":14}}
2025-09-26 12:36:18 - Action: get_new_messages
2025-09-26 12:36:18 - Data: Array
(
    [last_id] => 14
)

2025-09-26 12:36:18 - New messages: 0
2025-09-26 12:36:18 - Response sent: {"success":true,"messages":[]}
2025-09-26 12:36:20 - Start
2025-09-26 12:36:20 - Input: {"action":"get_new_messages","data":{"last_id":14}}
2025-09-26 12:36:20 - Action: get_new_messages
2025-09-26 12:36:20 - Data: Array
(
    [last_id] => 14
)

2025-09-26 12:36:20 - New messages: 0
2025-09-26 12:36:20 - Response sent: {"success":true,"messages":[]}
2025-09-26 12:36:22 - Start
2025-09-26 12:36:22 - Input: {"action":"get_new_messages","data":{"last_id":14}}
2025-09-26 12:36:22 - Action: get_new_messages
2025-09-26 12:36:22 - Data: Array
(
    [last_id] => 14
)

2025-09-26 12:36:22 - New messages: 0
2025-09-26 12:36:22 - Response sent: {"success":true,"messages":[]}
2025-09-26 12:36:24 - Start
2025-09-26 12:36:24 - Input: {"action":"get_new_messages","data":{"last_id":14}}
2025-09-26 12:36:24 - Action: get_new_messages
2025-09-26 12:36:24 - Data: Array
(
    [last_id] => 14
)

2025-09-26 12:36:24 - New messages: 0
2025-09-26 12:36:24 - Response sent: {"success":true,"messages":[]}
2025-09-26 12:36:26 - Start
2025-09-26 12:36:26 - Input: {"action":"get_new_messages","data":{"last_id":14}}
2025-09-26 12:36:26 - Action: get_new_messages
2025-09-26 12:36:26 - Data: Array
(
    [last_id] => 14
)

2025-09-26 12:36:26 - New messages: 0
2025-09-26 12:36:26 - Response sent: {"success":true,"messages":[]}
2025-09-26 12:36:27 - Start
2025-09-26 12:36:27 - Input: {"action":"get_new_messages","data":{"last_id":14}}
2025-09-26 12:36:27 - Action: get_new_messages
2025-09-26 12:36:27 - Data: Array
(
    [last_id] => 14
)

2025-09-26 12:36:27 - New messages: 0
2025-09-26 12:36:27 - Response sent: {"success":true,"messages":[]}
2025-09-26 12:36:30 - Start
2025-09-26 12:36:30 - Input: {"action":"get_new_messages","data":{"last_id":14}}
2025-09-26 12:36:30 - Action: get_new_messages
2025-09-26 12:36:30 - Data: Array
(
    [last_id] => 14
)

2025-09-26 12:36:30 - New messages: 0
2025-09-26 12:36:30 - Response sent: {"success":true,"messages":[]}
2025-09-26 12:36:32 - Start
2025-09-26 12:36:32 - Input: {"action":"get_new_messages","data":{"last_id":14}}
2025-09-26 12:36:32 - Action: get_new_messages
2025-09-26 12:36:32 - Data: Array
(
    [last_id] => 14
)

2025-09-26 12:36:32 - New messages: 0
2025-09-26 12:36:32 - Response sent: {"success":true,"messages":[]}
2025-09-26 12:36:34 - Start
2025-09-26 12:36:34 - Input: {"action":"get_new_messages","data":{"last_id":14}}
2025-09-26 12:36:34 - Action: get_new_messages
2025-09-26 12:36:34 - Data: Array
(
    [last_id] => 14
)

2025-09-26 12:36:34 - New messages: 0
2025-09-26 12:36:34 - Response sent: {"success":true,"messages":[]}
2025-09-26 12:36:36 - Start
2025-09-26 12:36:36 - Input: {"action":"get_new_messages","data":{"last_id":14}}
2025-09-26 12:36:36 - Action: get_new_messages
2025-09-26 12:36:36 - Data: Array
(
    [last_id] => 14
)

2025-09-26 12:36:36 - New messages: 0
2025-09-26 12:36:36 - Response sent: {"success":true,"messages":[]}
2025-09-26 12:36:38 - Start
2025-09-26 12:36:38 - Input: {"action":"get_new_messages","data":{"last_id":14}}
2025-09-26 12:36:38 - Action: get_new_messages
2025-09-26 12:36:38 - Data: Array
(
    [last_id] => 14
)

2025-09-26 12:36:38 - New messages: 0
2025-09-26 12:36:38 - Response sent: {"success":true,"messages":[]}
2025-09-26 12:36:40 - Start
2025-09-26 12:36:40 - Input: {"action":"get_new_messages","data":{"last_id":14}}
2025-09-26 12:36:40 - Action: get_new_messages
2025-09-26 12:36:40 - Data: Array
(
    [last_id] => 14
)

2025-09-26 12:36:40 - New messages: 0
2025-09-26 12:36:40 - Response sent: {"success":true,"messages":[]}
2025-09-26 12:36:41 - Start
2025-09-26 12:36:41 - Input: {"action":"get_new_messages","data":{"last_id":14}}
2025-09-26 12:36:41 - Action: get_new_messages
2025-09-26 12:36:41 - Data: Array
(
    [last_id] => 14
)

2025-09-26 12:36:41 - New messages: 0
2025-09-26 12:36:41 - Response sent: {"success":true,"messages":[]}
2025-09-26 12:36:42 - Start
2025-09-26 12:36:42 - Input: 
2025-09-26 12:36:42 - Action: get_messages
2025-09-26 12:36:42 - Data: Array
(
)

2025-09-26 12:36:42 - Sent 14 messages
2025-09-26 12:36:42 - Response sent: {"success":true,"messages":[{"text":"\u0438\u0432\u0430\u0438\u0432\u0430\u0438\u0432\u0430\u0438","user_id":"guest_13lx378uh","user_name":"\u0413\u043e\u0441\u0442\u044c","user_role":"guest","id":1,"
2025-09-26 14:00:24 - Start
2025-09-26 14:00:24 - Input: 
2025-09-26 14:00:24 - Action: get_messages
2025-09-26 14:00:24 - Data: Array
(
)

2025-09-26 14:00:24 - Sent 14 messages
2025-09-26 14:00:24 - Response sent: {"success":true,"messages":[{"text":"\u0438\u0432\u0430\u0438\u0432\u0430\u0438\u0432\u0430\u0438","user_id":"guest_13lx378uh","user_name":"\u0413\u043e\u0441\u0442\u044c","user_role":"guest","id":1,"
2025-09-26 14:00:27 - Start
2025-09-26 14:00:27 - Input: 
2025-09-26 14:00:27 - Action: get_new_messages
2025-09-26 14:00:27 - Data: Array
(
    [last_id] => 14
)

2025-09-26 14:00:27 - New messages: 0
2025-09-26 14:00:27 - Response sent: {"success":true,"messages":[]}
2025-09-26 18:52:22 - Start
2025-09-26 18:52:22 - Input: 
2025-09-26 18:52:22 - Action: get_messages
2025-09-26 18:52:22 - Data: Array
(
)

2025-09-26 18:52:22 - Sent 14 messages
2025-09-26 18:52:22 - Response sent: {"success":true,"messages":[{"text":"\u0438\u0432\u0430\u0438\u0432\u0430\u0438\u0432\u0430\u0438","user_id":"guest_13lx378uh","user_name":"\u0413\u043e\u0441\u0442\u044c","user_role":"guest","id":1,"
2025-09-26 18:52:25 - Start
2025-09-26 18:52:25 - Input: 
2025-09-26 18:52:25 - Action: get_new_messages
2025-09-26 18:52:25 - Data: Array
(
    [last_id] => 14
)

2025-09-26 18:52:25 - New messages: 0
2025-09-26 18:52:25 - Response sent: {"success":true,"messages":[]}
2025-09-26 18:52:28 - Start
2025-09-26 18:52:28 - Input: 
2025-09-26 18:52:28 - Action: get_new_messages
2025-09-26 18:52:28 - Data: Array
(
    [last_id] => 14
)

2025-09-26 18:52:28 - New messages: 0
2025-09-26 18:52:28 - Response sent: {"success":true,"messages":[]}
2025-09-26 18:52:31 - Start
2025-09-26 18:52:31 - Input: 
2025-09-26 18:52:31 - Action: get_new_messages
2025-09-26 18:52:31 - Data: Array
(
    [last_id] => 14
)

2025-09-26 18:52:31 - New messages: 0
2025-09-26 18:52:31 - Response sent: {"success":true,"messages":[]}
2025-09-26 18:52:34 - Start
2025-09-26 18:52:34 - Input: 
2025-09-26 18:52:34 - Action: get_new_messages
2025-09-26 18:52:34 - Data: Array
(
    [last_id] => 14
)

2025-09-26 18:52:34 - New messages: 0
2025-09-26 18:52:34 - Response sent: {"success":true,"messages":[]}
2025-09-26 18:52:37 - Start
2025-09-26 18:52:37 - Input: 
2025-09-26 18:52:37 - Action: get_new_messages
2025-09-26 18:52:37 - Data: Array
(
    [last_id] => 14
)

2025-09-26 18:52:37 - New messages: 0
2025-09-26 18:52:37 - Response sent: {"success":true,"messages":[]}
2025-09-26 18:52:40 - Start
2025-09-26 18:52:40 - Input: 
2025-09-26 18:52:40 - Action: get_new_messages
2025-09-26 18:52:40 - Data: Array
(
    [last_id] => 14
)

2025-09-26 18:52:40 - New messages: 0
2025-09-26 18:52:40 - Response sent: {"success":true,"messages":[]}
2025-09-26 18:52:43 - Start
2025-09-26 18:52:43 - Input: 
2025-09-26 18:52:43 - Action: get_new_messages
2025-09-26 18:52:43 - Data: Array
(
    [last_id] => 14
)

2025-09-26 18:52:43 - New messages: 0
2025-09-26 18:52:43 - Response sent: {"success":true,"messages":[]}
2025-09-26 18:52:46 - Start
2025-09-26 18:52:46 - Input: 
2025-09-26 18:52:46 - Action: get_new_messages
2025-09-26 18:52:46 - Data: Array
(
    [last_id] => 14
)

2025-09-26 18:52:46 - New messages: 0
2025-09-26 18:52:46 - Response sent: {"success":true,"messages":[]}
2025-09-26 18:52:49 - Start
2025-09-26 18:52:49 - Input: 
2025-09-26 18:52:49 - Action: get_new_messages
2025-09-26 18:52:49 - Data: Array
(
    [last_id] => 14
)

2025-09-26 18:52:49 - New messages: 0
2025-09-26 18:52:49 - Response sent: {"success":true,"messages":[]}
2025-09-26 18:52:52 - Start
2025-09-26 18:52:52 - Input: 
2025-09-26 18:52:52 - Action: get_new_messages
2025-09-26 18:52:52 - Data: Array
(
    [last_id] => 14
)

2025-09-26 18:52:52 - New messages: 0
2025-09-26 18:52:52 - Response sent: {"success":true,"messages":[]}
2025-09-26 18:52:55 - Start
2025-09-26 18:52:55 - Input: 
2025-09-26 18:52:55 - Action: get_new_messages
2025-09-26 18:52:55 - Data: Array
(
    [last_id] => 14
)

2025-09-26 18:52:55 - New messages: 0
2025-09-26 18:52:55 - Response sent: {"success":true,"messages":[]}
2025-09-26 18:52:58 - Start
2025-09-26 18:52:58 - Input: 
2025-09-26 18:52:58 - Action: get_new_messages
2025-09-26 18:52:58 - Data: Array
(
    [last_id] => 14
)

2025-09-26 18:52:58 - New messages: 0
2025-09-26 18:52:58 - Response sent: {"success":true,"messages":[]}
2025-09-26 18:53:01 - Start
2025-09-26 18:53:01 - Input: 
2025-09-26 18:53:01 - Action: get_new_messages
2025-09-26 18:53:01 - Data: Array
(
    [last_id] => 14
)

2025-09-26 18:53:01 - New messages: 0
2025-09-26 18:53:01 - Response sent: {"success":true,"messages":[]}
2025-09-26 18:53:04 - Start
2025-09-26 18:53:04 - Input: 
2025-09-26 18:53:04 - Action: get_new_messages
2025-09-26 18:53:04 - Data: Array
(
    [last_id] => 14
)

2025-09-26 18:53:04 - New messages: 0
2025-09-26 18:53:04 - Response sent: {"success":true,"messages":[]}
2025-09-26 18:53:07 - Start
2025-09-26 18:53:07 - Input: 
2025-09-26 18:53:07 - Action: get_new_messages
2025-09-26 18:53:07 - Data: Array
(
    [last_id] => 14
)

2025-09-26 18:53:07 - New messages: 0
2025-09-26 18:53:07 - Response sent: {"success":true,"messages":[]}
2025-09-26 18:53:10 - Start
2025-09-26 18:53:10 - Input: 
2025-09-26 18:53:10 - Action: get_new_messages
2025-09-26 18:53:10 - Data: Array
(
    [last_id] => 14
)

2025-09-26 18:53:10 - New messages: 0
2025-09-26 18:53:10 - Response sent: {"success":true,"messages":[]}
2025-09-26 18:53:13 - Start
2025-09-26 18:53:13 - Input: 
2025-09-26 18:53:13 - Action: get_new_messages
2025-09-26 18:53:13 - Data: Array
(
    [last_id] => 14
)

2025-09-26 18:53:13 - New messages: 0
2025-09-26 18:53:13 - Response sent: {"success":true,"messages":[]}
2025-09-26 18:53:16 - Start
2025-09-26 18:53:16 - Input: 
2025-09-26 18:53:16 - Action: get_new_messages
2025-09-26 18:53:16 - Data: Array
(
    [last_id] => 14
)

2025-09-26 18:53:16 - New messages: 0
2025-09-26 18:53:16 - Response sent: {"success":true,"messages":[]}
2025-09-26 18:53:19 - Start
2025-09-26 18:53:19 - Input: 
2025-09-26 18:53:19 - Action: get_new_messages
2025-09-26 18:53:19 - Data: Array
(
    [last_id] => 14
)

2025-09-26 18:53:19 - New messages: 0
2025-09-26 18:53:19 - Response sent: {"success":true,"messages":[]}
2025-09-26 18:53:22 - Start
2025-09-26 18:53:22 - Input: 
2025-09-26 18:53:22 - Action: get_new_messages
2025-09-26 18:53:22 - Data: Array
(
    [last_id] => 14
)

2025-09-26 18:53:22 - New messages: 0
2025-09-26 18:53:22 - Response sent: {"success":true,"messages":[]}
2025-09-26 18:53:25 - Start
2025-09-26 18:53:25 - Input: 
2025-09-26 18:53:25 - Action: get_new_messages
2025-09-26 18:53:25 - Data: Array
(
    [last_id] => 14
)

2025-09-26 18:53:25 - New messages: 0
2025-09-26 18:53:25 - Response sent: {"success":true,"messages":[]}
2025-09-26 18:53:28 - Start
2025-09-26 18:53:28 - Input: 
2025-09-26 18:53:28 - Action: get_new_messages
2025-09-26 18:53:28 - Data: Array
(
    [last_id] => 14
)

2025-09-26 18:53:28 - New messages: 0
2025-09-26 18:53:28 - Response sent: {"success":true,"messages":[]}
2025-09-26 18:54:14 - Start
2025-09-26 18:54:14 - Input: 
2025-09-26 18:54:14 - Action: get_new_messages
2025-09-26 18:54:14 - Data: Array
(
    [last_id] => 14
)

2025-09-26 18:54:14 - New messages: 0
2025-09-26 18:54:14 - Response sent: {"success":true,"messages":[]}
2025-09-26 18:55:14 - Start
2025-09-26 18:55:14 - Input: 
2025-09-26 18:55:14 - Action: get_new_messages
2025-09-26 18:55:14 - Data: Array
(
    [last_id] => 14
)

2025-09-26 18:55:14 - New messages: 0
2025-09-26 18:55:14 - Response sent: {"success":true,"messages":[]}
2025-09-26 18:56:14 - Start
2025-09-26 18:56:14 - Input: 
2025-09-26 18:56:14 - Action: get_new_messages
2025-09-26 18:56:14 - Data: Array
(
    [last_id] => 14
)

2025-09-26 18:56:14 - New messages: 0
2025-09-26 18:56:14 - Response sent: {"success":true,"messages":[]}
2025-09-26 18:57:14 - Start
2025-09-26 18:57:14 - Input: 
2025-09-26 18:57:14 - Action: get_new_messages
2025-09-26 18:57:14 - Data: Array
(
    [last_id] => 14
)

2025-09-26 18:57:14 - New messages: 0
2025-09-26 18:57:14 - Response sent: {"success":true,"messages":[]}
2025-09-26 18:58:14 - Start
2025-09-26 18:58:14 - Input: 
2025-09-26 18:58:14 - Action: get_new_messages
2025-09-26 18:58:14 - Data: Array
(
    [last_id] => 14
)

2025-09-26 18:58:14 - New messages: 0
2025-09-26 18:58:14 - Response sent: {"success":true,"messages":[]}
2025-09-26 18:59:14 - Start
2025-09-26 18:59:14 - Input: 
2025-09-26 18:59:14 - Action: get_new_messages
2025-09-26 18:59:14 - Data: Array
(
    [last_id] => 14
)

2025-09-26 18:59:14 - New messages: 0
2025-09-26 18:59:14 - Response sent: {"success":true,"messages":[]}
2025-09-26 19:00:14 - Start
2025-09-26 19:00:14 - Input: 
2025-09-26 19:00:14 - Action: get_new_messages
2025-09-26 19:00:14 - Data: Array
(
    [last_id] => 14
)

2025-09-26 19:00:14 - New messages: 0
2025-09-26 19:00:14 - Response sent: {"success":true,"messages":[]}
2025-09-26 19:01:14 - Start
2025-09-26 19:01:14 - Input: 
2025-09-26 19:01:14 - Action: get_new_messages
2025-09-26 19:01:14 - Data: Array
(
    [last_id] => 14
)

2025-09-26 19:01:14 - New messages: 0
2025-09-26 19:01:14 - Response sent: {"success":true,"messages":[]}
2025-09-26 19:02:14 - Start
2025-09-26 19:02:14 - Input: 
2025-09-26 19:02:14 - Action: get_new_messages
2025-09-26 19:02:14 - Data: Array
(
    [last_id] => 14
)

2025-09-26 19:02:14 - New messages: 0
2025-09-26 19:02:14 - Response sent: {"success":true,"messages":[]}
2025-09-26 19:03:14 - Start
2025-09-26 19:03:14 - Input: 
2025-09-26 19:03:14 - Action: get_new_messages
2025-09-26 19:03:14 - Data: Array
(
    [last_id] => 14
)

2025-09-26 19:03:14 - New messages: 0
2025-09-26 19:03:14 - Response sent: {"success":true,"messages":[]}
2025-09-26 19:04:14 - Start
2025-09-26 19:04:14 - Input: 
2025-09-26 19:04:14 - Action: get_new_messages
2025-09-26 19:04:14 - Data: Array
(
    [last_id] => 14
)

2025-09-26 19:04:14 - New messages: 0
2025-09-26 19:04:14 - Response sent: {"success":true,"messages":[]}
2025-09-26 19:05:14 - Start
2025-09-26 19:05:14 - Input: 
2025-09-26 19:05:14 - Action: get_new_messages
2025-09-26 19:05:14 - Data: Array
(
    [last_id] => 14
)

2025-09-26 19:05:14 - New messages: 0
2025-09-26 19:05:14 - Response sent: {"success":true,"messages":[]}
2025-09-26 19:06:14 - Start
2025-09-26 19:06:14 - Input: 
2025-09-26 19:06:14 - Action: get_new_messages
2025-09-26 19:06:14 - Data: Array
(
    [last_id] => 14
)

2025-09-26 19:06:14 - New messages: 0
2025-09-26 19:06:14 - Response sent: {"success":true,"messages":[]}
